# GENERATED by hc-conformance --write-coverage-traceability. One row per (fixture,
# obligation) pair this fixture witnesses, joined from three already-checked-in ledgers --
# never recomputed here, so this file costs no re-parse of its own. layer is Surface
# (semantic-coverage-evidence.tsv), Interface (interface-inventory.tsv +
# interface-witness.tsv), or Construct (construct-claim-corroboration.tsv); the chain/
# junction layer is out of scope (owned by interaction-chains.tsv's own generator).
# status vocabulary differs per layer -- see GrammarCoverageLedger's *Status methods --
# but 'witnessed' always means the same thing: a word-level counterfactual delta, never
# mere presence. detail carries the underlying verdict/claim-count for that reason.
fixture	layer	obligation	status	detail
edge-cases/alpha-variable-name-collision	Surface	dtd:element/Allomorph	required-by-dtd	RequiredByDtd
edge-cases/alpha-variable-name-collision	Surface	dtd:element/Allomorphs	required-by-dtd	RequiredByDtd
edge-cases/alpha-variable-name-collision	Surface	dtd:element/AlphaVariable	required-by-dtd	RequiredByDtd
edge-cases/alpha-variable-name-collision	Surface	dtd:element/AlphaVariables	witnessed	Evidenced
edge-cases/alpha-variable-name-collision	Surface	dtd:element/CharacterDefinitionTable	required-by-dtd	RequiredByDtd
edge-cases/alpha-variable-name-collision	Surface	dtd:element/FeatureValue	witnessed	Evidenced
edge-cases/alpha-variable-name-collision	Surface	dtd:element/HermitCrabInput	required-by-dtd	RequiredByDtd
edge-cases/alpha-variable-name-collision	Surface	dtd:element/Language	required-by-dtd	RequiredByDtd
edge-cases/alpha-variable-name-collision	Surface	dtd:element/LexicalEntries	witnessed	Evidenced
edge-cases/alpha-variable-name-collision	Surface	dtd:element/LexicalEntry	required-by-dtd	RequiredByDtd
edge-cases/alpha-variable-name-collision	Surface	dtd:element/MorphemeId	witnessed	Evidenced
edge-cases/alpha-variable-name-collision	Surface	dtd:element/Name	required-by-dtd	RequiredByDtd
edge-cases/alpha-variable-name-collision	Surface	dtd:element/NaturalClasses	required-by-dtd	RequiredByDtd
edge-cases/alpha-variable-name-collision	Surface	dtd:element/PartOfSpeech	required-by-dtd	RequiredByDtd
edge-cases/alpha-variable-name-collision	Surface	dtd:element/PartsOfSpeech	required-by-dtd	RequiredByDtd
edge-cases/alpha-variable-name-collision	Surface	dtd:element/PhoneticInput	required-by-dtd	RequiredByDtd
edge-cases/alpha-variable-name-collision	Surface	dtd:element/PhoneticOutput	required-by-dtd	RequiredByDtd
edge-cases/alpha-variable-name-collision	Surface	dtd:element/PhoneticSequence	witnessed	Evidenced
edge-cases/alpha-variable-name-collision	Surface	dtd:element/PhoneticShape	required-by-dtd	RequiredByDtd
edge-cases/alpha-variable-name-collision	Surface	dtd:element/PhonologicalFeatureSystem	required-by-dtd	RequiredByDtd
edge-cases/alpha-variable-name-collision	Surface	dtd:element/PhonologicalRule	required-by-dtd	RequiredByDtd
edge-cases/alpha-variable-name-collision	Surface	dtd:element/PhonologicalRuleDefinitions	required-by-dtd	RequiredByDtd
edge-cases/alpha-variable-name-collision	Surface	dtd:element/PhonologicalSubrule	required-by-dtd	RequiredByDtd
edge-cases/alpha-variable-name-collision	Surface	dtd:element/PhonologicalSubrules	required-by-dtd	RequiredByDtd
edge-cases/alpha-variable-name-collision	Surface	dtd:element/Representation	required-by-dtd	RequiredByDtd
edge-cases/alpha-variable-name-collision	Surface	dtd:element/Representations	required-by-dtd	RequiredByDtd
edge-cases/alpha-variable-name-collision	Surface	dtd:element/SegmentDefinition	required-by-dtd	RequiredByDtd
edge-cases/alpha-variable-name-collision	Surface	dtd:element/SegmentDefinitions	required-by-dtd	RequiredByDtd
edge-cases/alpha-variable-name-collision	Surface	dtd:element/SegmentNaturalClass	required-by-dtd	RequiredByDtd
edge-cases/alpha-variable-name-collision	Surface	dtd:element/SimpleContext	witnessed	Evidenced
edge-cases/alpha-variable-name-collision	Surface	dtd:element/Strata	required-by-dtd	RequiredByDtd
edge-cases/alpha-variable-name-collision	Surface	dtd:element/Stratum	required-by-dtd	RequiredByDtd
edge-cases/alpha-variable-name-collision	Surface	dtd:element/Symbol	required-by-dtd	RequiredByDtd
edge-cases/alpha-variable-name-collision	Surface	dtd:element/SymbolicFeature	required-by-dtd	RequiredByDtd
edge-cases/alpha-variable-name-collision	Surface	dtd:element/Symbols	required-by-dtd	RequiredByDtd
edge-cases/alpha-variable-name-collision	Surface	dtd:element/VariableFeature	required-by-dtd	RequiredByDtd
edge-cases/alpha-variable-name-collision	Surface	dtd:element/VariableFeatures	required-by-dtd	RequiredByDtd
edge-cases/alpha-variable-name-collision	Surface	dtd:enum/AlphaVariable/polarity/minus	witnessed	Evidenced
edge-cases/alpha-variable-name-collision	Surface	dtd:enum/AlphaVariable/polarity/plus	witnessed	Evidenced
edge-cases/alpha-variable-name-collision	Surface	dtd:enum/VariableFeature/name/%CE%B1	witnessed	Evidenced
edge-cases/alpha-variable-name-collision	Surface	dtd:enum/VariableFeature/name/%CE%B2	witnessed	Evidenced
edge-cases/alpha-variable-name-collision	Interface	AlphaVariable.variableFeature	required-by-dtd	RequiredByDtd
edge-cases/alpha-variable-name-collision	Interface	FeatureValue.feature	required-by-dtd	RequiredByDtd
edge-cases/alpha-variable-name-collision	Interface	FeatureValue.symbolValues	required-by-loader	RequiredByLoader
edge-cases/alpha-variable-name-collision	Interface	LexicalEntry.partOfSpeech	present-but-inert	Unobservable
edge-cases/alpha-variable-name-collision	Interface	Segment.segment	required-by-dtd	RequiredByDtd
edge-cases/alpha-variable-name-collision	Interface	SimpleContext.naturalClass	required-by-dtd	RequiredByDtd
edge-cases/alpha-variable-name-collision	Interface	Stratum.characterDefinitionTable	required-by-dtd	RequiredByDtd
edge-cases/alpha-variable-name-collision	Interface	Stratum.phonologicalRules	witnessed	Evidenced
edge-cases/alpha-variable-name-collision	Interface	VariableFeature.phonologicalFeature	required-by-dtd	RequiredByDtd
edge-cases/alpha-variable-name-collision	Construct	Alpha-variable phonological environments (VariableFeature/AlphaVariables)	claimed-confirmed	2 claim(s)
edge-cases/bistratal-overlapping-segment-representation	Interface	Stratum.characterDefinitionTable	required-by-dtd	RequiredByDtd
edge-cases/bistratal-overlapping-segment-representation	Construct	CharacterDefinitionTable: more than one table, one per stratum	claimed-confirmed	5 claim(s)
edge-cases/compounding-breadth	Surface	dtd:element/AssignedFootFeatures	witnessed	Evidenced
edge-cases/compounding-breadth	Surface	dtd:element/AssignedHeadFeatures	witnessed	Evidenced
edge-cases/compounding-breadth	Surface	dtd:element/CompoundingRule	required-by-dtd	RequiredByDtd
edge-cases/compounding-breadth	Surface	dtd:element/CompoundingSubrule	required-by-dtd	RequiredByDtd
edge-cases/compounding-breadth	Surface	dtd:element/CompoundingSubrules	required-by-dtd	RequiredByDtd
edge-cases/compounding-breadth	Surface	dtd:element/CopyFromInput	witnessed	Evidenced
edge-cases/compounding-breadth	Surface	dtd:element/FeatureNaturalClass	required-by-dtd	RequiredByDtd
edge-cases/compounding-breadth	Surface	dtd:element/FootFeatures	required-by-dtd	RequiredByDtd
edge-cases/compounding-breadth	Surface	dtd:element/HeadFeatures	required-by-dtd	RequiredByDtd
edge-cases/compounding-breadth	Surface	dtd:element/HeadMorphologicalInput	required-by-dtd	RequiredByDtd
edge-cases/compounding-breadth	Surface	dtd:element/HeadRequiredFootFeatures	witnessed	Evidenced
edge-cases/compounding-breadth	Surface	dtd:element/HeadRequiredHeadFeatures	witnessed	Evidenced
edge-cases/compounding-breadth	Surface	dtd:element/MorphologicalOutput	required-by-dtd	RequiredByDtd
edge-cases/compounding-breadth	Surface	dtd:element/MorphologicalRuleDefinitions	required-by-dtd	RequiredByDtd
edge-cases/compounding-breadth	Surface	dtd:element/NonHeadMorphologicalInput	required-by-dtd	RequiredByDtd
edge-cases/compounding-breadth	Surface	dtd:element/NonHeadRequiredFootFeatures	witnessed	Evidenced
edge-cases/compounding-breadth	Surface	dtd:element/NonHeadRequiredHeadFeatures	witnessed	Evidenced
edge-cases/compounding-breadth	Surface	dtd:element/OptionalSegmentSequence	witnessed	Evidenced
edge-cases/compounding-breadth	Surface	dtd:enum/CompoundingRule/isActive/no	witnessed	Evidenced
edge-cases/compounding-breadth	Surface	dtd:enum/CompoundingRule/multipleApplication/0	witnessed	Evidenced
edge-cases/compounding-breadth	Surface	dtd:enum/CompoundingSubrule/isActive/no	witnessed	Evidenced
edge-cases/compounding-breadth	Interface	CompoundingRule.headPartsOfSpeech	present-but-inert	Unobservable
edge-cases/compounding-breadth	Interface	CompoundingRule.nonHeadPartsOfSpeech	present-but-inert	Unobservable
edge-cases/compounding-breadth	Interface	CompoundingRule.outputPartOfSpeech	witnessed	Evidenced
edge-cases/compounding-breadth	Interface	CopyFromInput.index	required-by-dtd	RequiredByDtd
edge-cases/compounding-breadth	Interface	FeatureValue.feature	required-by-dtd	RequiredByDtd
edge-cases/compounding-breadth	Interface	FeatureValue.symbolValues	required-by-loader	RequiredByLoader
edge-cases/compounding-breadth	Interface	LexicalEntry.partOfSpeech	present-but-inert	Unobservable
edge-cases/compounding-breadth	Interface	MorphologicalRule.outputPartOfSpeech	present-but-inert	Unobservable
edge-cases/compounding-breadth	Interface	MorphologicalRule.requiredPartsOfSpeech	witnessed	Evidenced
edge-cases/compounding-breadth	Interface	SimpleContext.naturalClass	required-by-dtd	RequiredByDtd
edge-cases/compounding-breadth	Interface	Stratum.characterDefinitionTable	required-by-dtd	RequiredByDtd
edge-cases/compounding-breadth	Interface	Stratum.morphologicalRules	witnessed	Evidenced
edge-cases/compounding-breadth	Construct	CompoundingRule	claimed-confirmed	2 claim(s)
edge-cases/compounding-breadth	Construct	CompoundingRule constraints (MaxApplicationCount/Blockable/head-nonhead syntactic features)	claimed-confirmed	7 claim(s)
edge-cases/compounding-breadth	Construct	Element deactivation (isActive) across loader collections	claimed-confirmed	2 claim(s)
edge-cases/cross-table-root-respelling	Interface	CopyFromInput.index	required-by-dtd	RequiredByDtd
edge-cases/cross-table-root-respelling	Interface	FeatureValue.feature	required-by-dtd	RequiredByDtd
edge-cases/cross-table-root-respelling	Interface	FeatureValue.symbolValues	required-by-loader	RequiredByLoader
edge-cases/cross-table-root-respelling	Interface	LexicalEntry.partOfSpeech	present-but-inert	Unobservable
edge-cases/cross-table-root-respelling	Interface	MorphologicalRule.outputPartOfSpeech	present-but-inert	Unobservable
edge-cases/cross-table-root-respelling	Interface	MorphologicalRule.requiredPartsOfSpeech	present-but-inert	Unobservable
edge-cases/cross-table-root-respelling	Interface	SimpleContext.naturalClass	required-by-dtd	RequiredByDtd
edge-cases/cross-table-root-respelling	Interface	Stratum.characterDefinitionTable	required-by-dtd	RequiredByDtd
edge-cases/cross-table-root-respelling	Interface	Stratum.morphologicalRules	witnessed	Evidenced
edge-cases/cross-table-root-respelling	Construct	CharacterDefinitionTable: cross-table respelling (an inner-stratum root surfaces spelled by the final stratum's table)	claimed-confirmed	2 claim(s)
edge-cases/cross-table-root-respelling	Construct	CharacterDefinitionTable: more than one table, one per stratum	claimed-confirmed	7 claim(s)
edge-cases/deep-optional-affix-nesting	Interface	AffixTemplate.requiredPartsOfSpeech	present-but-inert	Unobservable
edge-cases/deep-optional-affix-nesting	Interface	CopyFromInput.index	required-by-dtd	RequiredByDtd
edge-cases/deep-optional-affix-nesting	Interface	LexicalEntry.partOfSpeech	present-but-inert	Unobservable
edge-cases/deep-optional-affix-nesting	Interface	MorphologicalRule.outputPartOfSpeech	present-but-inert	Unobservable
edge-cases/deep-optional-affix-nesting	Interface	MorphologicalRule.requiredPartsOfSpeech	present-but-inert	Unobservable
edge-cases/deep-optional-affix-nesting	Interface	SimpleContext.naturalClass	required-by-dtd	RequiredByDtd
edge-cases/deep-optional-affix-nesting	Interface	Slot.morphologicalRules	required-by-dtd	RequiredByDtd
edge-cases/deep-optional-affix-nesting	Interface	Stratum.characterDefinitionTable	required-by-dtd	RequiredByDtd
edge-cases/deep-optional-affix-nesting	Construct	Affix template slots (obligatory/disjunctive/ordering)	claimed-unmapped	2 claim(s)
edge-cases/diacritic-segments	Surface	dtd:element/AffixTemplate	required-by-dtd	RequiredByDtd
edge-cases/diacritic-segments	Surface	dtd:element/InsertSegments	witnessed	Evidenced
edge-cases/diacritic-segments	Surface	dtd:element/LeftEnvironment	witnessed	Evidenced
edge-cases/diacritic-segments	Surface	dtd:element/MorphologicalInput	required-by-dtd	RequiredByDtd
edge-cases/diacritic-segments	Surface	dtd:element/MorphologicalRule	required-by-dtd	RequiredByDtd
edge-cases/diacritic-segments	Surface	dtd:element/MorphologicalSubrule	required-by-dtd	RequiredByDtd
edge-cases/diacritic-segments	Surface	dtd:element/MorphologicalSubrules	required-by-dtd	RequiredByDtd
edge-cases/diacritic-segments	Surface	dtd:element/PhoneticTemplate	required-by-dtd	RequiredByDtd
edge-cases/diacritic-segments	Surface	dtd:element/RequiredEnvironments	witnessed	Evidenced
edge-cases/diacritic-segments	Surface	dtd:element/Segment	witnessed	Evidenced
edge-cases/diacritic-segments	Surface	dtd:element/Slot	required-by-dtd	RequiredByDtd
edge-cases/diacritic-segments	Surface	dtd:enum/Slot/optional/true	witnessed	Evidenced
edge-cases/diacritic-segments	Interface	AffixTemplate.requiredPartsOfSpeech	present-but-inert	Unobservable
edge-cases/diacritic-segments	Interface	CopyFromInput.index	required-by-dtd	RequiredByDtd
edge-cases/diacritic-segments	Interface	LexicalEntry.partOfSpeech	present-but-inert	Unobservable
edge-cases/diacritic-segments	Interface	MorphologicalRule.outputPartOfSpeech	present-but-inert	Unobservable
edge-cases/diacritic-segments	Interface	MorphologicalRule.requiredPartsOfSpeech	present-but-inert	Unobservable
edge-cases/diacritic-segments	Interface	Segment.segment	required-by-dtd	RequiredByDtd
edge-cases/diacritic-segments	Interface	SimpleContext.naturalClass	required-by-dtd	RequiredByDtd
edge-cases/diacritic-segments	Interface	Slot.morphologicalRules	required-by-dtd	RequiredByDtd
edge-cases/diacritic-segments	Interface	Stratum.characterDefinitionTable	required-by-dtd	RequiredByDtd
edge-cases/diacritic-segments	Interface	Stratum.morphologicalRules	present-but-inert	Unobservable
edge-cases/diacritic-segments	Construct	Affix template slots (obligatory/disjunctive/ordering)	claimed-unmapped	6 claim(s)
edge-cases/diacritic-segments	Construct	AffixProcessRule: prefix/suffix/circumfix/infix	claimed-unmapped	6 claim(s)
edge-cases/diacritic-segments	Construct	Boundary markers (CharacterDefinitionTable)	claimed-confirmed	1 claim(s)
edge-cases/diacritic-segments	Construct	MorphologicalOutputAction: CopyFromInput/InsertSegments	claimed-confirmed	6 claim(s)
edge-cases/diacritic-segments	Construct	NaturalClass: Segments vs FeatureNaturalClass/SegmentNaturalClass precision	claimed-confirmed	4 claim(s)
edge-cases/disjunctive-recheck	Surface	dtd:element/RightEnvironment	witnessed	Evidenced
edge-cases/disjunctive-recheck	Interface	CopyFromInput.index	required-by-dtd	RequiredByDtd
edge-cases/disjunctive-recheck	Interface	FeatureValue.feature	required-by-dtd	RequiredByDtd
edge-cases/disjunctive-recheck	Interface	FeatureValue.symbolValues	required-by-loader	RequiredByLoader
edge-cases/disjunctive-recheck	Interface	LexicalEntry.partOfSpeech	present-but-inert	Unobservable
edge-cases/disjunctive-recheck	Interface	MorphologicalRule.outputPartOfSpeech	present-but-inert	Unobservable
edge-cases/disjunctive-recheck	Interface	MorphologicalRule.requiredPartsOfSpeech	present-but-inert	Unobservable
edge-cases/disjunctive-recheck	Interface	Segment.segment	required-by-dtd	RequiredByDtd
edge-cases/disjunctive-recheck	Interface	SimpleContext.naturalClass	required-by-dtd	RequiredByDtd
edge-cases/disjunctive-recheck	Interface	Stratum.characterDefinitionTable	required-by-dtd	RequiredByDtd
edge-cases/disjunctive-recheck	Interface	Stratum.morphologicalRules	witnessed	Evidenced
edge-cases/disjunctive-recheck	Construct	Disjunctive allomorphs / free-fluctuation	claimed-unmapped	10 claim(s)
edge-cases/feature-gating-breadth	Surface	dtd:element/OutputFootFeatures	witnessed	Evidenced
edge-cases/feature-gating-breadth	Surface	dtd:element/Property	required-by-dtd	RequiredByDtd
edge-cases/feature-gating-breadth	Surface	dtd:element/RealizationalFeatures	required-by-dtd	RequiredByDtd
edge-cases/feature-gating-breadth	Surface	dtd:element/RealizationalRule	required-by-dtd	RequiredByDtd
edge-cases/feature-gating-breadth	Surface	dtd:element/RequiredFootFeatures	witnessed	Evidenced
edge-cases/feature-gating-breadth	Surface	dtd:element/RequiredHeadFeatures	witnessed	Evidenced
edge-cases/feature-gating-breadth	Surface	dtd:enum/Stratum/morphologicalRuleOrder/linear	witnessed	Evidenced
edge-cases/feature-gating-breadth	Interface	CopyFromInput.index	required-by-dtd	RequiredByDtd
edge-cases/feature-gating-breadth	Interface	FeatureValue.feature	required-by-dtd	RequiredByDtd
edge-cases/feature-gating-breadth	Interface	FeatureValue.symbolValues	required-by-loader	RequiredByLoader
edge-cases/feature-gating-breadth	Interface	LexicalEntry.partOfSpeech	present-but-inert	Unobservable
edge-cases/feature-gating-breadth	Interface	MorphologicalRule.outputPartOfSpeech	present-but-inert	Unobservable
edge-cases/feature-gating-breadth	Interface	MorphologicalRule.requiredPartsOfSpeech	present-but-inert	Unobservable
edge-cases/feature-gating-breadth	Interface	SimpleContext.naturalClass	required-by-dtd	RequiredByDtd
edge-cases/feature-gating-breadth	Interface	Stratum.characterDefinitionTable	required-by-dtd	RequiredByDtd
edge-cases/feature-gating-breadth	Interface	Stratum.morphologicalRules	witnessed	Evidenced
edge-cases/feature-gating-breadth	Construct	Affix template slots (obligatory/disjunctive/ordering)	claimed-unmapped	1 claim(s)
edge-cases/feature-gating-breadth	Construct	RealizationalAffixProcessRule	claimed-unmapped	3 claim(s)
edge-cases/feature-gating-breadth	Construct	Syntactic feature agreement (RequiredHeadFeatures/OutputHeadFeatures/RequiredFootFeatures/OutputFootFeatures)	claimed-confirmed	11 claim(s)
edge-cases/feature-system-breadth	Surface	dtd:element/ComplexFeature	required-by-dtd	RequiredByDtd
edge-cases/feature-system-breadth	Surface	dtd:element/ExcludedEnvironments	witnessed	Evidenced
edge-cases/feature-system-breadth	Surface	dtd:element/MetathesisRule	required-by-dtd	RequiredByDtd
edge-cases/feature-system-breadth	Surface	dtd:element/StructuralDescription	required-by-dtd	RequiredByDtd
edge-cases/feature-system-breadth	Surface	dtd:enum/ComplexFeature/isActive/no	witnessed	EvidencedJointly
edge-cases/feature-system-breadth	Surface	dtd:enum/FeatureNaturalClass/isActive/no	witnessed	EvidencedJointly
edge-cases/feature-system-breadth	Surface	dtd:enum/FeatureValue/isActive/no	witnessed	Evidenced
edge-cases/feature-system-breadth	Surface	dtd:enum/LexicalEntry/isActive/no	required-by-loader	RequiredByLoader
edge-cases/feature-system-breadth	Surface	dtd:enum/MetathesisRule/isActive/no	witnessed	Evidenced
edge-cases/feature-system-breadth	Surface	dtd:enum/MetathesisRule/multipleApplicationOrder/rightToLeftIterative	witnessed	Evidenced
edge-cases/feature-system-breadth	Surface	dtd:enum/PhonologicalRule/isActive/no	required-by-loader	RequiredByLoader
edge-cases/feature-system-breadth	Surface	dtd:enum/PhonologicalSubrule/isActive/no	witnessed	Evidenced
edge-cases/feature-system-breadth	Surface	dtd:enum/SegmentNaturalClass/isActive/no	witnessed	EvidencedJointly
edge-cases/feature-system-breadth	Surface	dtd:enum/SymbolicFeature/isActive/no	witnessed	EvidencedJointly
edge-cases/feature-system-breadth	Interface	AlphaVariable.variableFeature	required-by-dtd	RequiredByDtd
edge-cases/feature-system-breadth	Interface	CopyFromInput.index	required-by-dtd	RequiredByDtd
edge-cases/feature-system-breadth	Interface	FeatureValue.feature	required-by-dtd	RequiredByDtd
edge-cases/feature-system-breadth	Interface	FeatureValue.symbolValues	required-by-loader	RequiredByLoader
edge-cases/feature-system-breadth	Interface	LexicalEntry.partOfSpeech	present-but-inert	Unobservable
edge-cases/feature-system-breadth	Interface	MetathesisRule.leftSwitch	required-by-dtd	RequiredByDtd
edge-cases/feature-system-breadth	Interface	MetathesisRule.rightSwitch	required-by-dtd	RequiredByDtd
edge-cases/feature-system-breadth	Interface	MorphologicalRule.outputPartOfSpeech	present-but-inert	Unobservable
edge-cases/feature-system-breadth	Interface	MorphologicalRule.requiredPartsOfSpeech	present-but-inert	Unobservable
edge-cases/feature-system-breadth	Interface	Segment.segment	required-by-dtd	RequiredByDtd
edge-cases/feature-system-breadth	Interface	SimpleContext.naturalClass	required-by-dtd	RequiredByDtd
edge-cases/feature-system-breadth	Interface	Stratum.characterDefinitionTable	required-by-dtd	RequiredByDtd
edge-cases/feature-system-breadth	Interface	Stratum.morphologicalRules	witnessed	Evidenced
edge-cases/feature-system-breadth	Interface	Stratum.phonologicalRules	witnessed	Evidenced
edge-cases/feature-system-breadth	Interface	VariableFeature.phonologicalFeature	required-by-dtd	RequiredByDtd
edge-cases/feature-system-breadth	Construct	AffixProcessRule: prefix/suffix/circumfix/infix	claimed-unmapped	1 claim(s)
edge-cases/feature-system-breadth	Construct	Alpha-variable phonological environments (VariableFeature/AlphaVariables)	claimed-confirmed	2 claim(s)
edge-cases/feature-system-breadth	Construct	Element deactivation (isActive) across loader collections	claimed-confirmed	1 claim(s)
edge-cases/feature-system-breadth	Construct	MetathesisRule	claimed-confirmed	10 claim(s)
edge-cases/feature-system-breadth	Construct	NaturalClass: Segments vs FeatureNaturalClass/SegmentNaturalClass precision	claimed-confirmed	3 claim(s)
edge-cases/feature-system-breadth	Construct	RewriteRule Iterative (epenthesis/deletion/feature/expansion/merge)	claimed-unmapped	2 claim(s)
edge-cases/free-fluctuating-allomorph-pair	Interface	CopyFromInput.index	required-by-dtd	RequiredByDtd
edge-cases/free-fluctuating-allomorph-pair	Interface	FeatureValue.feature	required-by-dtd	RequiredByDtd
edge-cases/free-fluctuating-allomorph-pair	Interface	FeatureValue.symbolValues	required-by-loader	RequiredByLoader
edge-cases/free-fluctuating-allomorph-pair	Interface	LexicalEntry.partOfSpeech	present-but-inert	Unobservable
edge-cases/free-fluctuating-allomorph-pair	Interface	MorphologicalRule.outputPartOfSpeech	present-but-inert	Unobservable
edge-cases/free-fluctuating-allomorph-pair	Interface	MorphologicalRule.requiredPartsOfSpeech	present-but-inert	Unobservable
edge-cases/free-fluctuating-allomorph-pair	Interface	Segment.segment	required-by-dtd	RequiredByDtd
edge-cases/free-fluctuating-allomorph-pair	Interface	SimpleContext.naturalClass	required-by-dtd	RequiredByDtd
edge-cases/free-fluctuating-allomorph-pair	Interface	Stratum.characterDefinitionTable	required-by-dtd	RequiredByDtd
edge-cases/free-fluctuating-allomorph-pair	Interface	Stratum.morphologicalRules	witnessed	Evidenced
edge-cases/free-fluctuating-allomorph-pair	Construct	Disjunctive allomorphs / free-fluctuation	claimed-unmapped	6 claim(s)
edge-cases/loader-default-symbol	Interface	FeatureValue.feature	required-by-dtd	RequiredByDtd
edge-cases/loader-default-symbol	Interface	FeatureValue.symbolValues	required-by-loader	RequiredByLoader
edge-cases/loader-default-symbol	Interface	LexicalEntry.partOfSpeech	present-but-inert	Unobservable
edge-cases/loader-default-symbol	Interface	SimpleContext.naturalClass	required-by-dtd	RequiredByDtd
edge-cases/loader-default-symbol	Interface	Stratum.characterDefinitionTable	required-by-dtd	RequiredByDtd
edge-cases/loader-default-symbol	Interface	Stratum.phonologicalRules	witnessed	Evidenced
edge-cases/loader-default-symbol	Interface	SymbolicFeature.defaultSymbol	present-but-inert	Unobservable
edge-cases/loader-default-symbol	Construct	Boundary markers (CharacterDefinitionTable)	claimed-confirmed	2 claim(s)
edge-cases/loader-isactive	Surface	dtd:element/BoundaryDefinition	required-by-dtd	RequiredByDtd
edge-cases/loader-isactive	Surface	dtd:enum/PhonologicalFeatureSystem/isActive/no	required-by-loader	RequiredByLoader
edge-cases/loader-isactive	Interface	FeatureValue.feature	required-by-dtd	RequiredByDtd
edge-cases/loader-isactive	Interface	FeatureValue.symbolValues	required-by-loader	RequiredByLoader
edge-cases/loader-isactive	Interface	LexicalEntry.partOfSpeech	present-but-inert	Unobservable
edge-cases/loader-isactive	Interface	Stratum.characterDefinitionTable	required-by-dtd	RequiredByDtd
edge-cases/loader-isactive	Construct	Boundary markers (CharacterDefinitionTable)	claimed-confirmed	2 claim(s)
edge-cases/loader-isactive-breadth	Surface	dtd:element/AffixTemplates	witnessed	Evidenced
edge-cases/loader-isactive-breadth	Surface	dtd:element/BoundaryDefinitions	required-by-dtd	RequiredByDtd
edge-cases/loader-isactive-breadth	Surface	dtd:element/Families	required-by-dtd	RequiredByDtd
edge-cases/loader-isactive-breadth	Surface	dtd:element/Family	required-by-dtd	RequiredByDtd
edge-cases/loader-isactive-breadth	Surface	dtd:element/MorphologicalPhonologicalRuleFeature	required-by-dtd	RequiredByDtd
edge-cases/loader-isactive-breadth	Surface	dtd:element/MorphologicalPhonologicalRuleFeatures	required-by-dtd	RequiredByDtd
edge-cases/loader-isactive-breadth	Surface	dtd:enum/AffixTemplate/final/true	witnessed	Evidenced
edge-cases/loader-isactive-breadth	Surface	dtd:enum/AffixTemplate/isActive/no	witnessed	Evidenced
edge-cases/loader-isactive-breadth	Surface	dtd:enum/AffixTemplate/isActive/yes	witnessed	Evidenced
edge-cases/loader-isactive-breadth	Surface	dtd:enum/Allomorph/isActive/no	witnessed	Evidenced
edge-cases/loader-isactive-breadth	Surface	dtd:enum/Allomorph/isActive/yes	witnessed	Evidenced
edge-cases/loader-isactive-breadth	Surface	dtd:enum/Allomorph/isBound/false	witnessed	Evidenced
edge-cases/loader-isactive-breadth	Surface	dtd:enum/BoundaryDefinition/isActive/no	witnessed	Evidenced
edge-cases/loader-isactive-breadth	Surface	dtd:enum/BoundaryDefinition/isActive/yes	required-by-loader	RequiredByLoader
edge-cases/loader-isactive-breadth	Surface	dtd:enum/CharacterDefinitionTable/isActive/no	witnessed	EvidencedJointly
edge-cases/loader-isactive-breadth	Surface	dtd:enum/CharacterDefinitionTable/isActive/yes	required-by-loader	RequiredByLoader
edge-cases/loader-isactive-breadth	Surface	dtd:enum/Family/isActive/no	witnessed	EvidencedJointly
edge-cases/loader-isactive-breadth	Surface	dtd:enum/Family/isActive/yes	required-by-loader	RequiredByLoader
edge-cases/loader-isactive-breadth	Surface	dtd:enum/FeatureNaturalClass/isActive/yes	required-by-loader	RequiredByLoader
edge-cases/loader-isactive-breadth	Surface	dtd:enum/Language/isActive/no	required-by-loader	RequiredByLoader
edge-cases/loader-isactive-breadth	Surface	dtd:enum/Language/isActive/yes	required-by-loader	RequiredByLoader
edge-cases/loader-isactive-breadth	Surface	dtd:enum/LexicalEntry/isActive/yes	witnessed	Evidenced
edge-cases/loader-isactive-breadth	Surface	dtd:enum/LexicalEntry/partial/false	witnessed	Evidenced
edge-cases/loader-isactive-breadth	Surface	dtd:enum/MorphologicalPhonologicalRuleFeature/isActive/no	witnessed	EvidencedJointly
edge-cases/loader-isactive-breadth	Surface	dtd:enum/MorphologicalPhonologicalRuleFeature/isActive/yes	required-by-loader	RequiredByLoader
edge-cases/loader-isactive-breadth	Surface	dtd:enum/MorphologicalRule/isActive/no	witnessed	Evidenced
edge-cases/loader-isactive-breadth	Surface	dtd:enum/MorphologicalRule/isActive/yes	witnessed	Evidenced
edge-cases/loader-isactive-breadth	Surface	dtd:enum/MorphologicalSubrule/isActive/no	required-by-loader	RequiredByLoader
edge-cases/loader-isactive-breadth	Surface	dtd:enum/MorphologicalSubrule/isActive/yes	witnessed	Evidenced
edge-cases/loader-isactive-breadth	Surface	dtd:enum/SegmentDefinition/isActive/no	witnessed	Evidenced
edge-cases/loader-isactive-breadth	Surface	dtd:enum/SegmentDefinition/isActive/yes	required-by-loader	RequiredByLoader
edge-cases/loader-isactive-breadth	Surface	dtd:enum/Slot/isActive/no	witnessed	Evidenced
edge-cases/loader-isactive-breadth	Surface	dtd:enum/Slot/isActive/yes	witnessed	Evidenced
edge-cases/loader-isactive-breadth	Surface	dtd:enum/Stratum/isActive/no	required-by-loader	RequiredByLoader
edge-cases/loader-isactive-breadth	Surface	dtd:enum/Stratum/isActive/yes	witnessed	Evidenced
edge-cases/loader-isactive-breadth	Interface	AffixTemplate.requiredPartsOfSpeech	present-but-inert	Unobservable
edge-cases/loader-isactive-breadth	Interface	CopyFromInput.index	required-by-dtd	RequiredByDtd
edge-cases/loader-isactive-breadth	Interface	LexicalEntry.family	present-but-inert	Unobservable
edge-cases/loader-isactive-breadth	Interface	LexicalEntry.partOfSpeech	present-but-inert	Unobservable
edge-cases/loader-isactive-breadth	Interface	LexicalEntry.ruleFeatures	present-but-inert	Unobservable
edge-cases/loader-isactive-breadth	Interface	MorphologicalRule.outputPartOfSpeech	present-but-inert	Unobservable
edge-cases/loader-isactive-breadth	Interface	MorphologicalRule.requiredPartsOfSpeech	present-but-inert	Unobservable
edge-cases/loader-isactive-breadth	Interface	SimpleContext.naturalClass	required-by-dtd	RequiredByDtd
edge-cases/loader-isactive-breadth	Interface	Slot.morphologicalRules	required-by-dtd	RequiredByDtd
edge-cases/loader-isactive-breadth	Interface	Stratum.characterDefinitionTable	required-by-dtd	RequiredByDtd
edge-cases/loader-isactive-breadth	Construct	Element deactivation (isActive) across loader collections	claimed-confirmed	18 claim(s)
edge-cases/loader-pattern-shapes	Interface	LexicalEntry.partOfSpeech	present-but-inert	Unobservable
edge-cases/loader-pattern-shapes	Interface	Segment.segment	required-by-dtd	RequiredByDtd
edge-cases/loader-pattern-shapes	Interface	Stratum.characterDefinitionTable	required-by-dtd	RequiredByDtd
edge-cases/loader-pattern-shapes	Construct	Boundary markers (CharacterDefinitionTable)	claimed-confirmed	3 claim(s)
edge-cases/loader-pattern-shapes	Construct	CharacterDefinitionTable pattern shapes: optional group / Kleene star	claimed-confirmed	1 claim(s)
edge-cases/metathesis-comparison-crash	Interface	FeatureValue.feature	required-by-dtd	RequiredByDtd
edge-cases/metathesis-comparison-crash	Interface	FeatureValue.symbolValues	required-by-loader	RequiredByLoader
edge-cases/metathesis-comparison-crash	Interface	LexicalEntry.partOfSpeech	present-but-inert	Unobservable
edge-cases/metathesis-comparison-crash	Interface	MetathesisRule.leftSwitch	required-by-dtd	RequiredByDtd
edge-cases/metathesis-comparison-crash	Interface	MetathesisRule.rightSwitch	required-by-dtd	RequiredByDtd
edge-cases/metathesis-comparison-crash	Interface	Segment.segment	required-by-dtd	RequiredByDtd
edge-cases/metathesis-comparison-crash	Interface	SimpleContext.naturalClass	required-by-dtd	RequiredByDtd
edge-cases/metathesis-comparison-crash	Interface	Stratum.characterDefinitionTable	required-by-dtd	RequiredByDtd
edge-cases/metathesis-comparison-crash	Interface	Stratum.phonologicalRules	witnessed	Evidenced
edge-cases/metathesis-comparison-crash	Construct	MetathesisRule	claimed-confirmed	1 claim(s)
edge-cases/morphotactic-attribute-breadth	Surface	dtd:element/AllomorphCoOccurrenceRule	required-by-dtd	RequiredByDtd
edge-cases/morphotactic-attribute-breadth	Surface	dtd:element/AllomorphCoOccurrenceRules	witnessed	Evidenced
edge-cases/morphotactic-attribute-breadth	Surface	dtd:element/MorphemeCoOccurrenceRule	required-by-dtd	RequiredByDtd
edge-cases/morphotactic-attribute-breadth	Surface	dtd:enum/AffixTemplate/final/false	witnessed	Evidenced
edge-cases/morphotactic-attribute-breadth	Surface	dtd:enum/Allomorph/isBound/true	witnessed	Evidenced
edge-cases/morphotactic-attribute-breadth	Surface	dtd:enum/AllomorphCoOccurrenceRule/adjacency/adjacentToLeft	witnessed	Evidenced
edge-cases/morphotactic-attribute-breadth	Surface	dtd:enum/AllomorphCoOccurrenceRule/adjacency/adjacentToRight	witnessed	Evidenced
edge-cases/morphotactic-attribute-breadth	Surface	dtd:enum/AllomorphCoOccurrenceRule/adjacency/somewhereToLeft	witnessed	Evidenced
edge-cases/morphotactic-attribute-breadth	Surface	dtd:enum/AllomorphCoOccurrenceRule/adjacency/somewhereToRight	witnessed	Evidenced
edge-cases/morphotactic-attribute-breadth	Surface	dtd:enum/AllomorphCoOccurrenceRule/isActive/no	witnessed	Evidenced
edge-cases/morphotactic-attribute-breadth	Surface	dtd:enum/AllomorphCoOccurrenceRule/type/require	witnessed	Evidenced
edge-cases/morphotactic-attribute-breadth	Surface	dtd:enum/LexicalEntry/partial/true	witnessed	Evidenced
edge-cases/morphotactic-attribute-breadth	Surface	dtd:enum/MorphemeCoOccurrenceRule/adjacency/anywhere	witnessed	Evidenced
edge-cases/morphotactic-attribute-breadth	Surface	dtd:enum/MorphemeCoOccurrenceRule/isActive/no	witnessed	Evidenced
edge-cases/morphotactic-attribute-breadth	Surface	dtd:enum/MorphemeCoOccurrenceRule/type/require	witnessed	Evidenced
edge-cases/morphotactic-attribute-breadth	Surface	dtd:enum/MorphologicalPhonologicalRuleFeatureGroup/isActive/no	witnessed	Evidenced
edge-cases/morphotactic-attribute-breadth	Surface	dtd:enum/MorphologicalPhonologicalRuleFeatureGroup/outputType/append	witnessed	Evidenced
edge-cases/morphotactic-attribute-breadth	Surface	dtd:enum/MorphologicalRule/blockable/false	witnessed	Evidenced
edge-cases/morphotactic-attribute-breadth	Surface	dtd:enum/MorphologicalRule/multipleApplication/0	witnessed	Evidenced
edge-cases/morphotactic-attribute-breadth	Surface	dtd:enum/MorphologicalRule/multipleApplication/2	witnessed	Evidenced
edge-cases/morphotactic-attribute-breadth	Surface	dtd:enum/MorphologicalRule/partial/true	witnessed	Evidenced
edge-cases/morphotactic-attribute-breadth	Surface	dtd:enum/RealizationalRule/blockable/false	witnessed	Evidenced
edge-cases/morphotactic-attribute-breadth	Surface	dtd:enum/RealizationalRule/isActive/no	witnessed	Evidenced
edge-cases/morphotactic-attribute-breadth	Surface	dtd:enum/Stratum/morphologicalRuleOrder/unordered	witnessed	Evidenced
edge-cases/morphotactic-attribute-breadth	Interface	AffixTemplate.requiredPartsOfSpeech	present-but-inert	Unobservable
edge-cases/morphotactic-attribute-breadth	Interface	AllomorphCoOccurrenceRule.otherAllomorphs	required-by-dtd	RequiredByDtd
edge-cases/morphotactic-attribute-breadth	Interface	AllomorphCoOccurrenceRule.primaryAllomorph	required-by-dtd	RequiredByDtd
edge-cases/morphotactic-attribute-breadth	Interface	CopyFromInput.index	required-by-dtd	RequiredByDtd
edge-cases/morphotactic-attribute-breadth	Interface	FeatureValue.feature	required-by-dtd	RequiredByDtd
edge-cases/morphotactic-attribute-breadth	Interface	FeatureValue.symbolValues	required-by-loader	RequiredByLoader
edge-cases/morphotactic-attribute-breadth	Interface	LexicalEntry.family	present-but-inert	Unobservable
edge-cases/morphotactic-attribute-breadth	Interface	LexicalEntry.partOfSpeech	present-but-inert	Unobservable
edge-cases/morphotactic-attribute-breadth	Interface	LexicalEntry.ruleFeatures	present-but-inert	Unobservable
edge-cases/morphotactic-attribute-breadth	Interface	MorphemeCoOccurrenceRule.otherMorphemes	required-by-dtd	RequiredByDtd
edge-cases/morphotactic-attribute-breadth	Interface	MorphemeCoOccurrenceRule.primaryMorpheme	required-by-dtd	RequiredByDtd
edge-cases/morphotactic-attribute-breadth	Interface	MorphologicalInput.excludedMPRFeatures	witnessed	Evidenced
edge-cases/morphotactic-attribute-breadth	Interface	MorphologicalInput.requiredMPRFeatures	present-but-inert	Unobservable
edge-cases/morphotactic-attribute-breadth	Interface	MorphologicalOutput.MPRFeatures	witnessed	Evidenced
edge-cases/morphotactic-attribute-breadth	Interface	MorphologicalPhonologicalRuleFeatureGroup.features	required-by-dtd	RequiredByDtd
edge-cases/morphotactic-attribute-breadth	Interface	MorphologicalRule.outputPartOfSpeech	present-but-inert	Unobservable
edge-cases/morphotactic-attribute-breadth	Interface	MorphologicalRule.requiredPartsOfSpeech	present-but-inert	Unobservable
edge-cases/morphotactic-attribute-breadth	Interface	SimpleContext.naturalClass	required-by-dtd	RequiredByDtd
edge-cases/morphotactic-attribute-breadth	Interface	Slot.morphologicalRules	required-by-dtd	RequiredByDtd
edge-cases/morphotactic-attribute-breadth	Interface	Stratum.characterDefinitionTable	required-by-dtd	RequiredByDtd
edge-cases/morphotactic-attribute-breadth	Interface	Stratum.morphologicalRules	witnessed	Evidenced
edge-cases/morphotactic-attribute-breadth	Construct	Affix template slots (obligatory/disjunctive/ordering)	claimed-unmapped	5 claim(s)
edge-cases/morphotactic-attribute-breadth	Construct	Disjunctive allomorphs / free-fluctuation	claimed-unmapped	1 claim(s)
edge-cases/morphotactic-attribute-breadth	Construct	Element deactivation (isActive) across loader collections	claimed-confirmed	1 claim(s)
edge-cases/morphotactic-attribute-breadth	Construct	MPR features/groups	claimed-unmapped	2 claim(s)
edge-cases/morphotactic-attribute-breadth	Construct	MorphemeCoOccurrenceRule/AllomorphCoOccurrenceRule	claimed-confirmed	2 claim(s)
edge-cases/morphotactic-attribute-breadth	Construct	Ordinary/realizational rule constraints (MaxApplicationCount/RequiredStemName/Blockable)	claimed-contradicted	15 claim(s)
edge-cases/morphotactic-attribute-breadth	Construct	RealizationalAffixProcessRule	claimed-unmapped	1 claim(s)
edge-cases/morphotactic-attribute-breadth	Construct	Syntactic feature agreement (RequiredHeadFeatures/OutputHeadFeatures/RequiredFootFeatures/OutputFootFeatures)	claimed-confirmed	3 claim(s)
edge-cases/mpr-gated-exception	Surface	dtd:element/Environment	witnessed	Evidenced
edge-cases/mpr-gated-exception	Interface	CopyFromInput.index	required-by-dtd	RequiredByDtd
edge-cases/mpr-gated-exception	Interface	FeatureValue.feature	required-by-dtd	RequiredByDtd
edge-cases/mpr-gated-exception	Interface	FeatureValue.symbolValues	required-by-loader	RequiredByLoader
edge-cases/mpr-gated-exception	Interface	LexicalEntry.partOfSpeech	present-but-inert	Unobservable
edge-cases/mpr-gated-exception	Interface	LexicalEntry.ruleFeatures	witnessed	Evidenced
edge-cases/mpr-gated-exception	Interface	MorphologicalInput.excludedMPRFeatures	witnessed	Evidenced
edge-cases/mpr-gated-exception	Interface	MorphologicalOutput.MPRFeatures	witnessed	Evidenced
edge-cases/mpr-gated-exception	Interface	MorphologicalRule.outputPartOfSpeech	present-but-inert	Unobservable
edge-cases/mpr-gated-exception	Interface	MorphologicalRule.requiredPartsOfSpeech	present-but-inert	Unobservable
edge-cases/mpr-gated-exception	Interface	PhonologicalSubrule.excludedMPRFeatures	witnessed	Evidenced
edge-cases/mpr-gated-exception	Interface	PhonologicalSubrule.requiredPartsOfSpeech	present-but-inert	Unobservable
edge-cases/mpr-gated-exception	Interface	Segment.segment	required-by-dtd	RequiredByDtd
edge-cases/mpr-gated-exception	Interface	SimpleContext.naturalClass	required-by-dtd	RequiredByDtd
edge-cases/mpr-gated-exception	Interface	Stratum.characterDefinitionTable	required-by-dtd	RequiredByDtd
edge-cases/mpr-gated-exception	Interface	Stratum.morphologicalRules	witnessed	Evidenced
edge-cases/mpr-gated-exception	Interface	Stratum.phonologicalRules	witnessed	Evidenced
edge-cases/mpr-gated-exception	Construct	RewriteRule direction (Dir): left-to-right	claimed-unmapped	1 claim(s)
edge-cases/mpr-group-overwrite-without-realizational	Surface	dtd:element/MorphologicalPhonologicalRuleFeatureGroup	witnessed	Evidenced
edge-cases/mpr-group-overwrite-without-realizational	Surface	dtd:enum/MorphologicalPhonologicalRuleFeatureGroup/outputType/overwrite	witnessed	Evidenced
edge-cases/mpr-group-overwrite-without-realizational	Interface	CopyFromInput.index	required-by-dtd	RequiredByDtd
edge-cases/mpr-group-overwrite-without-realizational	Interface	LexicalEntry.partOfSpeech	present-but-inert	Unobservable
edge-cases/mpr-group-overwrite-without-realizational	Interface	MorphologicalInput.requiredMPRFeatures	witnessed	Evidenced
edge-cases/mpr-group-overwrite-without-realizational	Interface	MorphologicalOutput.MPRFeatures	witnessed	Evidenced
edge-cases/mpr-group-overwrite-without-realizational	Interface	MorphologicalPhonologicalRuleFeatureGroup.features	required-by-dtd	RequiredByDtd
edge-cases/mpr-group-overwrite-without-realizational	Interface	MorphologicalRule.outputPartOfSpeech	present-but-inert	Unobservable
edge-cases/mpr-group-overwrite-without-realizational	Interface	MorphologicalRule.requiredPartsOfSpeech	present-but-inert	Unobservable
edge-cases/mpr-group-overwrite-without-realizational	Interface	SimpleContext.naturalClass	required-by-dtd	RequiredByDtd
edge-cases/mpr-group-overwrite-without-realizational	Interface	Stratum.characterDefinitionTable	required-by-dtd	RequiredByDtd
edge-cases/mpr-group-overwrite-without-realizational	Interface	Stratum.morphologicalRules	witnessed	Evidenced
edge-cases/mpr-group-overwrite-without-realizational	Construct	MPR features/groups	claimed-unmapped	4 claim(s)
edge-cases/mpr-overwrite-order-dependence	Interface	CopyFromInput.index	required-by-dtd	RequiredByDtd
edge-cases/mpr-overwrite-order-dependence	Interface	LexicalEntry.partOfSpeech	present-but-inert	Unobservable
edge-cases/mpr-overwrite-order-dependence	Interface	MorphologicalInput.requiredMPRFeatures	witnessed	Evidenced
edge-cases/mpr-overwrite-order-dependence	Interface	MorphologicalOutput.MPRFeatures	witnessed	Evidenced
edge-cases/mpr-overwrite-order-dependence	Interface	MorphologicalPhonologicalRuleFeatureGroup.features	required-by-dtd	RequiredByDtd
edge-cases/mpr-overwrite-order-dependence	Interface	MorphologicalRule.outputPartOfSpeech	present-but-inert	Unobservable
edge-cases/mpr-overwrite-order-dependence	Interface	MorphologicalRule.requiredPartsOfSpeech	present-but-inert	Unobservable
edge-cases/mpr-overwrite-order-dependence	Interface	SimpleContext.naturalClass	required-by-dtd	RequiredByDtd
edge-cases/mpr-overwrite-order-dependence	Interface	Stratum.characterDefinitionTable	required-by-dtd	RequiredByDtd
edge-cases/mpr-overwrite-order-dependence	Interface	Stratum.morphologicalRules	witnessed	Evidenced
edge-cases/process-morphology-in-place-mutation	Surface	dtd:element/ModifyFromInput	witnessed	Evidenced
edge-cases/process-morphology-in-place-mutation	Interface	FeatureValue.feature	required-by-dtd	RequiredByDtd
edge-cases/process-morphology-in-place-mutation	Interface	FeatureValue.symbolValues	required-by-loader	RequiredByLoader
edge-cases/process-morphology-in-place-mutation	Interface	LexicalEntry.partOfSpeech	present-but-inert	Unobservable
edge-cases/process-morphology-in-place-mutation	Interface	ModifyFromInput.index	required-by-dtd	RequiredByDtd
edge-cases/process-morphology-in-place-mutation	Interface	MorphologicalRule.outputPartOfSpeech	present-but-inert	Unobservable
edge-cases/process-morphology-in-place-mutation	Interface	MorphologicalRule.requiredPartsOfSpeech	present-but-inert	Unobservable
edge-cases/process-morphology-in-place-mutation	Interface	SimpleContext.naturalClass	required-by-dtd	RequiredByDtd
edge-cases/process-morphology-in-place-mutation	Interface	Stratum.characterDefinitionTable	required-by-dtd	RequiredByDtd
edge-cases/process-morphology-in-place-mutation	Interface	Stratum.morphologicalRules	witnessed	Evidenced
edge-cases/process-morphology-in-place-mutation	Construct	MorphologicalOutputAction: ModifyFromInput/InsertSimpleContext	claimed-confirmed	1 claim(s)
edge-cases/rewrite-analysis-feature-neutralization	Interface	FeatureValue.feature	required-by-dtd	RequiredByDtd
edge-cases/rewrite-analysis-feature-neutralization	Interface	FeatureValue.symbolValues	required-by-loader	RequiredByLoader
edge-cases/rewrite-analysis-feature-neutralization	Interface	LexicalEntry.partOfSpeech	present-but-inert	Unobservable
edge-cases/rewrite-analysis-feature-neutralization	Interface	Segment.segment	required-by-dtd	RequiredByDtd
edge-cases/rewrite-analysis-feature-neutralization	Interface	SimpleContext.naturalClass	required-by-dtd	RequiredByDtd
edge-cases/rewrite-analysis-feature-neutralization	Interface	Stratum.characterDefinitionTable	required-by-dtd	RequiredByDtd
edge-cases/rewrite-analysis-feature-neutralization	Interface	Stratum.phonologicalRules	witnessed	Evidenced
edge-cases/rewrite-analysis-feature-neutralization	Construct	CharacterDefinitionTable: cross-table respelling (an inner-stratum root surfaces spelled by the final stratum's table)	claimed-confirmed	1 claim(s)
edge-cases/rewrite-analysis-feature-neutralization	Construct	CharacterDefinitionTable: more than one table, one per stratum	claimed-confirmed	5 claim(s)
edge-cases/rewrite-analysis-feature-neutralization	Construct	NaturalClass: Segments vs FeatureNaturalClass/SegmentNaturalClass precision	claimed-confirmed	3 claim(s)
edge-cases/right-to-left-anchor-environment	Surface	dtd:enum/PhoneticTemplate/finalBoundaryCondition/true	witnessed	Evidenced
edge-cases/right-to-left-anchor-environment	Surface	dtd:enum/PhonologicalRule/multipleApplicationOrder/rightToLeftIterative	witnessed	Evidenced
edge-cases/right-to-left-anchor-environment	Interface	FeatureValue.feature	required-by-dtd	RequiredByDtd
edge-cases/right-to-left-anchor-environment	Interface	FeatureValue.symbolValues	required-by-loader	RequiredByLoader
edge-cases/right-to-left-anchor-environment	Interface	Segment.segment	required-by-dtd	RequiredByDtd
edge-cases/right-to-left-anchor-environment	Interface	SimpleContext.naturalClass	required-by-dtd	RequiredByDtd
edge-cases/right-to-left-anchor-environment	Interface	Stratum.characterDefinitionTable	required-by-dtd	RequiredByDtd
edge-cases/right-to-left-anchor-environment	Interface	Stratum.phonologicalRules	witnessed	Evidenced
edge-cases/right-to-left-anchor-environment	Construct	RewriteRule direction (Dir): right-to-left	claimed-unmapped	9 claim(s)
edge-cases/simultaneous-epenthesis-cascade	Interface	FeatureValue.feature	required-by-dtd	RequiredByDtd
edge-cases/simultaneous-epenthesis-cascade	Interface	FeatureValue.symbolValues	required-by-loader	RequiredByLoader
edge-cases/simultaneous-epenthesis-cascade	Interface	LexicalEntry.partOfSpeech	present-but-inert	Unobservable
edge-cases/simultaneous-epenthesis-cascade	Interface	SimpleContext.naturalClass	required-by-dtd	RequiredByDtd
edge-cases/simultaneous-epenthesis-cascade	Interface	Stratum.characterDefinitionTable	required-by-dtd	RequiredByDtd
edge-cases/simultaneous-epenthesis-cascade	Interface	Stratum.phonologicalRules	witnessed	Evidenced
edge-cases/stem-name-restricted-root-allomorph	Surface	dtd:element/OutputHeadFeatures	witnessed	Evidenced
edge-cases/stem-name-restricted-root-allomorph	Surface	dtd:element/Region	required-by-dtd	RequiredByDtd
edge-cases/stem-name-restricted-root-allomorph	Surface	dtd:element/Regions	required-by-dtd	RequiredByDtd
edge-cases/stem-name-restricted-root-allomorph	Surface	dtd:element/StemName	required-by-dtd	RequiredByDtd
edge-cases/stem-name-restricted-root-allomorph	Surface	dtd:element/StemNames	required-by-dtd	RequiredByDtd
edge-cases/stem-name-restricted-root-allomorph	Interface	Allomorph.stemName	witnessed	Evidenced
edge-cases/stem-name-restricted-root-allomorph	Interface	CopyFromInput.index	required-by-dtd	RequiredByDtd
edge-cases/stem-name-restricted-root-allomorph	Interface	FeatureValue.feature	required-by-dtd	RequiredByDtd
edge-cases/stem-name-restricted-root-allomorph	Interface	FeatureValue.symbolValues	required-by-loader	RequiredByLoader
edge-cases/stem-name-restricted-root-allomorph	Interface	LexicalEntry.partOfSpeech	present-but-inert	Unobservable
edge-cases/stem-name-restricted-root-allomorph	Interface	MorphologicalRule.outputPartOfSpeech	present-but-inert	Unobservable
edge-cases/stem-name-restricted-root-allomorph	Interface	MorphologicalRule.requiredPartsOfSpeech	present-but-inert	Unobservable
edge-cases/stem-name-restricted-root-allomorph	Interface	SimpleContext.naturalClass	required-by-dtd	RequiredByDtd
edge-cases/stem-name-restricted-root-allomorph	Interface	StemName.partsOfSpeech	required-by-dtd	RequiredByDtd
edge-cases/stem-name-restricted-root-allomorph	Interface	Stratum.characterDefinitionTable	required-by-dtd	RequiredByDtd
edge-cases/stem-name-restricted-root-allomorph	Interface	Stratum.morphologicalRules	witnessed	Evidenced
edge-cases/stem-name-restricted-root-allomorph	Construct	Stem names	claimed-unmapped	6 claim(s)
edge-cases/strrep-identity	Surface	dtd:element/Segments	witnessed	Evidenced
edge-cases/strrep-identity	Interface	CopyFromInput.index	required-by-dtd	RequiredByDtd
edge-cases/strrep-identity	Interface	LexicalEntry.partOfSpeech	present-but-inert	Unobservable
edge-cases/strrep-identity	Interface	MorphologicalRule.outputPartOfSpeech	present-but-inert	Unobservable
edge-cases/strrep-identity	Interface	MorphologicalRule.requiredPartsOfSpeech	present-but-inert	Unobservable
edge-cases/strrep-identity	Interface	Segment.segment	required-by-dtd	RequiredByDtd
edge-cases/strrep-identity	Interface	SimpleContext.naturalClass	required-by-dtd	RequiredByDtd
edge-cases/strrep-identity	Interface	Stratum.characterDefinitionTable	required-by-dtd	RequiredByDtd
edge-cases/strrep-identity	Interface	Stratum.morphologicalRules	witnessed	Evidenced
edge-cases/strrep-identity	Construct	NaturalClass: Segments vs FeatureNaturalClass/SegmentNaturalClass precision	claimed-confirmed	17 claim(s)
edge-cases/subrule-morphosyntactic-gating	Interface	CopyFromInput.index	required-by-dtd	RequiredByDtd
edge-cases/subrule-morphosyntactic-gating	Interface	FeatureValue.feature	required-by-dtd	RequiredByDtd
edge-cases/subrule-morphosyntactic-gating	Interface	FeatureValue.symbolValues	required-by-loader	RequiredByLoader
edge-cases/subrule-morphosyntactic-gating	Interface	LexicalEntry.partOfSpeech	witnessed	Evidenced
edge-cases/subrule-morphosyntactic-gating	Interface	MorphologicalRule.outputPartOfSpeech	witnessed	Evidenced
edge-cases/subrule-morphosyntactic-gating	Interface	PhonologicalSubrule.requiredPartsOfSpeech	witnessed	Evidenced
edge-cases/subrule-morphosyntactic-gating	Interface	Segment.segment	required-by-dtd	RequiredByDtd
edge-cases/subrule-morphosyntactic-gating	Interface	SimpleContext.naturalClass	required-by-dtd	RequiredByDtd
edge-cases/subrule-morphosyntactic-gating	Interface	Stratum.characterDefinitionTable	required-by-dtd	RequiredByDtd
edge-cases/subrule-morphosyntactic-gating	Interface	Stratum.morphologicalRules	witnessed	Evidenced
edge-cases/subrule-morphosyntactic-gating	Interface	Stratum.phonologicalRules	witnessed	Evidenced
edge-cases/subrule-morphosyntactic-gating	Construct	RewriteSubruleDef gating: required/excluded POS or MPR at the subrule level	claimed-unmapped	2 claim(s)
edge-cases/synthesis-stratum-render-stale-table	Interface	FeatureValue.feature	required-by-dtd	RequiredByDtd
edge-cases/synthesis-stratum-render-stale-table	Interface	FeatureValue.symbolValues	required-by-loader	RequiredByLoader
edge-cases/synthesis-stratum-render-stale-table	Interface	LexicalEntry.partOfSpeech	present-but-inert	Unobservable
edge-cases/synthesis-stratum-render-stale-table	Interface	Segment.segment	required-by-dtd	RequiredByDtd
edge-cases/synthesis-stratum-render-stale-table	Interface	SimpleContext.naturalClass	required-by-dtd	RequiredByDtd
edge-cases/synthesis-stratum-render-stale-table	Interface	Stratum.characterDefinitionTable	required-by-dtd	RequiredByDtd
edge-cases/synthesis-stratum-render-stale-table	Interface	Stratum.phonologicalRules	witnessed	Evidenced
edge-cases/synthesis-stratum-render-stale-table	Construct	CharacterDefinitionTable: cross-table respelling (an inner-stratum root surfaces spelled by the final stratum's table)	claimed-confirmed	1 claim(s)
edge-cases/synthesis-stratum-render-stale-table	Construct	CharacterDefinitionTable: more than one table, one per stratum	claimed-confirmed	4 claim(s)
edge-cases/truncate-morphotactic	Interface	CopyFromInput.index	required-by-dtd	RequiredByDtd
edge-cases/truncate-morphotactic	Interface	FeatureValue.feature	required-by-dtd	RequiredByDtd
edge-cases/truncate-morphotactic	Interface	FeatureValue.symbolValues	required-by-loader	RequiredByLoader
edge-cases/truncate-morphotactic	Interface	LexicalEntry.partOfSpeech	present-but-inert	Unobservable
edge-cases/truncate-morphotactic	Interface	MorphologicalRule.requiredPartsOfSpeech	present-but-inert	Unobservable
edge-cases/truncate-morphotactic	Interface	Segment.segment	required-by-dtd	RequiredByDtd
edge-cases/truncate-morphotactic	Interface	SimpleContext.naturalClass	required-by-dtd	RequiredByDtd
edge-cases/truncate-morphotactic	Interface	Stratum.characterDefinitionTable	required-by-dtd	RequiredByDtd
edge-cases/truncate-morphotactic	Interface	Stratum.morphologicalRules	witnessed	Evidenced
edge-cases/truncate-morphotactic	Construct	AffixProcessRule: subtraction/truncation	claimed-unmapped	10 claim(s)
languages/fusional-realizational-morphology	Surface	dtd:enum/CompoundingRule/blockable/false	witnessed	Evidenced
languages/fusional-realizational-morphology	Surface	dtd:enum/CompoundingRule/blockable/true	witnessed	Evidenced
languages/fusional-realizational-morphology	Surface	dtd:enum/MorphologicalPhonologicalRuleFeatureGroup/isActive/yes	witnessed	Evidenced
languages/fusional-realizational-morphology	Surface	dtd:enum/MorphologicalPhonologicalRuleFeatureGroup/matchType/all	witnessed	Evidenced
languages/fusional-realizational-morphology	Surface	dtd:enum/MorphologicalPhonologicalRuleFeatureGroup/matchType/any	witnessed	Evidenced
languages/fusional-realizational-morphology	Interface	Allomorph.stemName	witnessed	Evidenced
languages/fusional-realizational-morphology	Interface	CompoundingRule.headPartsOfSpeech	present-but-inert	Unobservable
languages/fusional-realizational-morphology	Interface	CompoundingRule.headProdRestrictionsMprFeatures	witnessed	Evidenced
languages/fusional-realizational-morphology	Interface	CompoundingRule.nonHeadPartsOfSpeech	present-but-inert	Unobservable
languages/fusional-realizational-morphology	Interface	CompoundingRule.outputObligatoryFeatures	present-but-inert	Unobservable
languages/fusional-realizational-morphology	Interface	CompoundingRule.outputPartOfSpeech	present-but-inert	Unobservable
languages/fusional-realizational-morphology	Interface	CopyFromInput.index	required-by-dtd	RequiredByDtd
languages/fusional-realizational-morphology	Interface	FeatureValue.feature	required-by-dtd	RequiredByDtd
languages/fusional-realizational-morphology	Interface	FeatureValue.symbolValues	required-by-loader	RequiredByLoader
languages/fusional-realizational-morphology	Interface	HeadMorphologicalInput.excludedMPRFeatures	present-but-inert	Unobservable
languages/fusional-realizational-morphology	Interface	HeadMorphologicalInput.requiredMPRFeatures	present-but-inert	Unobservable
languages/fusional-realizational-morphology	Interface	LexicalEntry.family	witnessed	Evidenced
languages/fusional-realizational-morphology	Interface	LexicalEntry.partOfSpeech	witnessed	Evidenced
languages/fusional-realizational-morphology	Interface	LexicalEntry.ruleFeatures	witnessed	Evidenced
languages/fusional-realizational-morphology	Interface	ModifyFromInput.index	required-by-dtd	RequiredByDtd
languages/fusional-realizational-morphology	Interface	MorphologicalInput.requiredMPRFeatures	witnessed	Evidenced
languages/fusional-realizational-morphology	Interface	MorphologicalOutput.MPRFeatures	witnessed	Evidenced
languages/fusional-realizational-morphology	Interface	MorphologicalPhonologicalRuleFeatureGroup.features	required-by-dtd	RequiredByDtd
languages/fusional-realizational-morphology	Interface	MorphologicalRule.outputPartOfSpeech	present-but-inert	Unobservable
languages/fusional-realizational-morphology	Interface	MorphologicalRule.requiredPartsOfSpeech	witnessed	Evidenced
languages/fusional-realizational-morphology	Interface	SimpleContext.naturalClass	required-by-dtd	RequiredByDtd
languages/fusional-realizational-morphology	Interface	StemName.partsOfSpeech	required-by-dtd	RequiredByDtd
languages/fusional-realizational-morphology	Interface	Stratum.characterDefinitionTable	required-by-dtd	RequiredByDtd
languages/fusional-realizational-morphology	Interface	Stratum.morphologicalRules	witnessed	Evidenced
languages/fusional-realizational-morphology	Construct	AffixProcessRule: prefix/suffix/circumfix/infix	claimed-unmapped	6 claim(s)
languages/fusional-realizational-morphology	Construct	CompoundingRule	claimed-confirmed	8 claim(s)
languages/fusional-realizational-morphology	Construct	CompoundingRule constraints (MaxApplicationCount/Blockable/head-nonhead syntactic features)	claimed-confirmed	6 claim(s)
languages/fusional-realizational-morphology	Construct	MPR features/groups	claimed-unmapped	16 claim(s)
languages/fusional-realizational-morphology	Construct	MorphologicalOutputAction: ModifyFromInput/InsertSimpleContext	claimed-confirmed	1 claim(s)
languages/fusional-realizational-morphology	Construct	RealizationalAffixProcessRule	claimed-unmapped	6 claim(s)
languages/fusional-realizational-morphology	Construct	Stem names	claimed-unmapped	12 claim(s)
languages/metathesis-phase-isolation	Surface	dtd:enum/MorphologicalOutput/redupMorphType/prefix	witnessed	Evidenced
languages/metathesis-phase-isolation	Interface	BoundaryMarker.boundary	required-by-dtd	RequiredByDtd
languages/metathesis-phase-isolation	Interface	CopyFromInput.index	required-by-dtd	RequiredByDtd
languages/metathesis-phase-isolation	Interface	FeatureValue.feature	required-by-dtd	RequiredByDtd
languages/metathesis-phase-isolation	Interface	FeatureValue.symbolValues	required-by-loader	RequiredByLoader
languages/metathesis-phase-isolation	Interface	LexicalEntry.partOfSpeech	witnessed	Evidenced
languages/metathesis-phase-isolation	Interface	MetathesisRule.leftSwitch	required-by-dtd	RequiredByDtd
languages/metathesis-phase-isolation	Interface	MetathesisRule.rightSwitch	required-by-dtd	RequiredByDtd
languages/metathesis-phase-isolation	Interface	MorphologicalRule.outputPartOfSpeech	present-but-inert	Unobservable
languages/metathesis-phase-isolation	Interface	MorphologicalRule.requiredPartsOfSpeech	present-but-inert	Unobservable
languages/metathesis-phase-isolation	Interface	PhonologicalSubrule.requiredPartsOfSpeech	witnessed	Evidenced
languages/metathesis-phase-isolation	Interface	Segment.segment	required-by-dtd	RequiredByDtd
languages/metathesis-phase-isolation	Interface	SimpleContext.naturalClass	required-by-dtd	RequiredByDtd
languages/metathesis-phase-isolation	Interface	Stratum.characterDefinitionTable	required-by-dtd	RequiredByDtd
languages/metathesis-phase-isolation	Interface	Stratum.morphologicalRules	witnessed	Evidenced
languages/metathesis-phase-isolation	Interface	Stratum.phonologicalRules	witnessed	Evidenced
languages/metathesis-phase-isolation	Construct	AffixProcessRule: prefix/suffix/circumfix/infix	claimed-unmapped	5 claim(s)
languages/metathesis-phase-isolation	Construct	AffixProcessRule: reduplication (ReduplicationHint)	claimed-unmapped	2 claim(s)
languages/metathesis-phase-isolation	Construct	AffixProcessRule: subtraction/truncation	claimed-unmapped	1 claim(s)
languages/metathesis-phase-isolation	Construct	Boundary markers (CharacterDefinitionTable)	claimed-confirmed	1 claim(s)
languages/metathesis-phase-isolation	Construct	MetathesisRule	claimed-confirmed	3 claim(s)
languages/metathesis-phase-isolation	Construct	MorphologicalOutputAction: CopyFromInput/InsertSegments	claimed-confirmed	3 claim(s)
languages/metathesis-phase-isolation	Construct	RewriteRule Iterative (epenthesis/deletion/feature/expansion/merge)	claimed-unmapped	3 claim(s)
languages/polysynthetic-stratal-derivation-chain	Interface	CompoundingRule.headPartsOfSpeech	witnessed	Evidenced
languages/polysynthetic-stratal-derivation-chain	Interface	CompoundingRule.nonHeadPartsOfSpeech	present-but-inert	Unobservable
languages/polysynthetic-stratal-derivation-chain	Interface	CopyFromInput.index	required-by-dtd	RequiredByDtd
languages/polysynthetic-stratal-derivation-chain	Interface	FeatureValue.feature	required-by-dtd	RequiredByDtd
languages/polysynthetic-stratal-derivation-chain	Interface	FeatureValue.symbolValues	required-by-loader	RequiredByLoader
languages/polysynthetic-stratal-derivation-chain	Interface	LexicalEntry.partOfSpeech	witnessed	Evidenced
languages/polysynthetic-stratal-derivation-chain	Interface	MorphologicalRule.outputPartOfSpeech	witnessed	Evidenced
languages/polysynthetic-stratal-derivation-chain	Interface	MorphologicalRule.requiredPartsOfSpeech	witnessed	Evidenced
languages/polysynthetic-stratal-derivation-chain	Interface	PhonologicalSubrule.requiredPartsOfSpeech	witnessed	Evidenced
languages/polysynthetic-stratal-derivation-chain	Interface	Segment.segment	required-by-dtd	RequiredByDtd
languages/polysynthetic-stratal-derivation-chain	Interface	SimpleContext.naturalClass	required-by-dtd	RequiredByDtd
languages/polysynthetic-stratal-derivation-chain	Interface	Stratum.characterDefinitionTable	required-by-dtd	RequiredByDtd
languages/polysynthetic-stratal-derivation-chain	Interface	Stratum.morphologicalRules	witnessed	Evidenced
languages/polysynthetic-stratal-derivation-chain	Interface	Stratum.phonologicalRules	witnessed	Evidenced
languages/polysynthetic-stratal-derivation-chain	Construct	AffixProcessRule: prefix/suffix/circumfix/infix	claimed-unmapped	3 claim(s)
languages/polysynthetic-stratal-derivation-chain	Construct	Boundary markers (CharacterDefinitionTable)	claimed-confirmed	4 claim(s)
languages/polysynthetic-stratal-derivation-chain	Construct	CompoundingRule	claimed-confirmed	9 claim(s)
languages/polysynthetic-stratal-derivation-chain	Construct	Guesser/LexicalGuess	claimed-unmapped	4 claim(s)
languages/polysynthetic-stratal-derivation-chain	Construct	RewriteRule Iterative (epenthesis/deletion/feature/expansion/merge)	claimed-unmapped	13 claim(s)
languages/polysynthetic-stratal-derivation-chain	Construct	Stratum (Linear/Unordered rule order)	claimed-confirmed	2 claim(s)
languages/prefixal-discontinuous-slot-dependency	Interface	AffixTemplate.requiredPartsOfSpeech	present-but-inert	Unobservable
languages/prefixal-discontinuous-slot-dependency	Interface	CopyFromInput.index	required-by-dtd	RequiredByDtd
languages/prefixal-discontinuous-slot-dependency	Interface	LexicalEntry.partOfSpeech	present-but-inert	Unobservable
languages/prefixal-discontinuous-slot-dependency	Interface	LexicalEntry.ruleFeatures	witnessed	Evidenced
languages/prefixal-discontinuous-slot-dependency	Interface	MorphologicalInput.requiredMPRFeatures	witnessed	Evidenced
languages/prefixal-discontinuous-slot-dependency	Interface	MorphologicalOutput.MPRFeatures	witnessed	Evidenced
languages/prefixal-discontinuous-slot-dependency	Interface	MorphologicalRule.outputPartOfSpeech	present-but-inert	Unobservable
languages/prefixal-discontinuous-slot-dependency	Interface	MorphologicalRule.requiredPartsOfSpeech	present-but-inert	Unobservable
languages/prefixal-discontinuous-slot-dependency	Interface	SimpleContext.naturalClass	required-by-dtd	RequiredByDtd
languages/prefixal-discontinuous-slot-dependency	Interface	Slot.morphologicalRules	required-by-dtd	RequiredByDtd
languages/prefixal-discontinuous-slot-dependency	Interface	Stratum.characterDefinitionTable	required-by-dtd	RequiredByDtd
languages/prefixal-discontinuous-slot-dependency	Construct	Affix template slots (obligatory/disjunctive/ordering)	claimed-unmapped	10 claim(s)
languages/suffixing-evidential-adjacency-chain	Surface	dtd:element/MorphemeCoOccurrenceRules	witnessed	Evidenced
languages/suffixing-evidential-adjacency-chain	Surface	dtd:enum/AllomorphCoOccurrenceRule/adjacency/anywhere	witnessed	Evidenced
languages/suffixing-evidential-adjacency-chain	Surface	dtd:enum/AllomorphCoOccurrenceRule/isActive/yes	witnessed	Evidenced
languages/suffixing-evidential-adjacency-chain	Surface	dtd:enum/AllomorphCoOccurrenceRule/type/exclude	witnessed	Evidenced
languages/suffixing-evidential-adjacency-chain	Surface	dtd:enum/MorphemeCoOccurrenceRule/adjacency/adjacentToLeft	witnessed	Evidenced
languages/suffixing-evidential-adjacency-chain	Surface	dtd:enum/MorphemeCoOccurrenceRule/adjacency/adjacentToRight	witnessed	Evidenced
languages/suffixing-evidential-adjacency-chain	Surface	dtd:enum/MorphemeCoOccurrenceRule/adjacency/somewhereToLeft	witnessed	Evidenced
languages/suffixing-evidential-adjacency-chain	Surface	dtd:enum/MorphemeCoOccurrenceRule/adjacency/somewhereToRight	witnessed	Evidenced
languages/suffixing-evidential-adjacency-chain	Surface	dtd:enum/MorphemeCoOccurrenceRule/isActive/yes	witnessed	Evidenced
languages/suffixing-evidential-adjacency-chain	Surface	dtd:enum/MorphemeCoOccurrenceRule/type/exclude	witnessed	Evidenced
languages/suffixing-evidential-adjacency-chain	Interface	AffixTemplate.requiredPartsOfSpeech	present-but-inert	Unobservable
languages/suffixing-evidential-adjacency-chain	Interface	AllomorphCoOccurrenceRule.otherAllomorphs	required-by-dtd	RequiredByDtd
languages/suffixing-evidential-adjacency-chain	Interface	AllomorphCoOccurrenceRule.primaryAllomorph	required-by-dtd	RequiredByDtd
languages/suffixing-evidential-adjacency-chain	Interface	CopyFromInput.index	required-by-dtd	RequiredByDtd
languages/suffixing-evidential-adjacency-chain	Interface	LexicalEntry.partOfSpeech	present-but-inert	Unobservable
languages/suffixing-evidential-adjacency-chain	Interface	MorphemeCoOccurrenceRule.otherMorphemes	required-by-dtd	RequiredByDtd
languages/suffixing-evidential-adjacency-chain	Interface	MorphemeCoOccurrenceRule.primaryMorpheme	required-by-dtd	RequiredByDtd
languages/suffixing-evidential-adjacency-chain	Interface	MorphologicalRule.outputPartOfSpeech	present-but-inert	Unobservable
languages/suffixing-evidential-adjacency-chain	Interface	MorphologicalRule.requiredPartsOfSpeech	present-but-inert	Unobservable
languages/suffixing-evidential-adjacency-chain	Interface	Segment.segment	required-by-dtd	RequiredByDtd
languages/suffixing-evidential-adjacency-chain	Interface	SimpleContext.naturalClass	required-by-dtd	RequiredByDtd
languages/suffixing-evidential-adjacency-chain	Interface	Slot.morphologicalRules	required-by-dtd	RequiredByDtd
languages/suffixing-evidential-adjacency-chain	Interface	Stratum.characterDefinitionTable	required-by-dtd	RequiredByDtd
languages/suffixing-evidential-adjacency-chain	Interface	Stratum.morphologicalRules	present-but-inert	Unobservable
languages/suffixing-evidential-adjacency-chain	Construct	Affix template slots (obligatory/disjunctive/ordering)	claimed-unmapped	12 claim(s)
languages/suffixing-evidential-adjacency-chain	Construct	Disjunctive allomorphs / free-fluctuation	claimed-unmapped	2 claim(s)
languages/suffixing-evidential-adjacency-chain	Construct	MorphemeCoOccurrenceRule/AllomorphCoOccurrenceRule	claimed-confirmed	15 claim(s)
languages/suffixing-extension-slot-ordering	Surface	dtd:enum/MorphologicalOutput/redupMorphType/suffix	witnessed	Evidenced
languages/suffixing-extension-slot-ordering	Interface	AffixTemplate.requiredPartsOfSpeech	witnessed	Evidenced
languages/suffixing-extension-slot-ordering	Interface	Allomorph.stemName	witnessed	Evidenced
languages/suffixing-extension-slot-ordering	Interface	CopyFromInput.index	required-by-dtd	RequiredByDtd
languages/suffixing-extension-slot-ordering	Interface	FeatureValue.feature	required-by-dtd	RequiredByDtd
languages/suffixing-extension-slot-ordering	Interface	FeatureValue.symbolValues	required-by-loader	RequiredByLoader
languages/suffixing-extension-slot-ordering	Interface	LexicalEntry.family	witnessed	Evidenced
languages/suffixing-extension-slot-ordering	Interface	LexicalEntry.partOfSpeech	witnessed	Evidenced
languages/suffixing-extension-slot-ordering	Interface	LexicalEntry.ruleFeatures	witnessed	Evidenced
languages/suffixing-extension-slot-ordering	Interface	MorphologicalInput.requiredMPRFeatures	required-by-loader	RequiredByLoader
languages/suffixing-extension-slot-ordering	Interface	MorphologicalOutput.MPRFeatures	witnessed	Evidenced
languages/suffixing-extension-slot-ordering	Interface	MorphologicalPhonologicalRuleFeatureGroup.features	required-by-dtd	RequiredByDtd
languages/suffixing-extension-slot-ordering	Interface	MorphologicalRule.outputObligatoryFeatures	present-but-inert	Unobservable
languages/suffixing-extension-slot-ordering	Interface	MorphologicalRule.outputPartOfSpeech	present-but-inert	Unobservable
languages/suffixing-extension-slot-ordering	Interface	MorphologicalRule.requiredPartsOfSpeech	witnessed	Evidenced
languages/suffixing-extension-slot-ordering	Interface	MorphologicalRule.requiredStemName	witnessed	Evidenced
languages/suffixing-extension-slot-ordering	Interface	PhonologicalSubrule.excludedMPRFeatures	witnessed	Evidenced
languages/suffixing-extension-slot-ordering	Interface	PhonologicalSubrule.requiredMPRFeatures	witnessed	Evidenced
languages/suffixing-extension-slot-ordering	Interface	PhonologicalSubrule.requiredPartsOfSpeech	witnessed	Evidenced
languages/suffixing-extension-slot-ordering	Interface	SimpleContext.naturalClass	required-by-dtd	RequiredByDtd
languages/suffixing-extension-slot-ordering	Interface	Slot.morphologicalRules	required-by-dtd	RequiredByDtd
languages/suffixing-extension-slot-ordering	Interface	StemName.partsOfSpeech	required-by-dtd	RequiredByDtd
languages/suffixing-extension-slot-ordering	Interface	Stratum.characterDefinitionTable	required-by-dtd	RequiredByDtd
languages/suffixing-extension-slot-ordering	Interface	Stratum.morphologicalRules	witnessed	Evidenced
languages/suffixing-extension-slot-ordering	Interface	Stratum.phonologicalRules	witnessed	Evidenced
languages/suffixing-extension-slot-ordering	Construct	Affix template slots (obligatory/disjunctive/ordering)	claimed-unmapped	6 claim(s)
languages/suffixing-extension-slot-ordering	Construct	AffixProcessRule: reduplication (ReduplicationHint)	claimed-unmapped	1 claim(s)
languages/suffixing-extension-slot-ordering	Construct	MPR features/groups	claimed-unmapped	18 claim(s)
languages/suffixing-extension-slot-ordering	Construct	Ordinary/realizational rule constraints (MaxApplicationCount/RequiredStemName/Blockable)	claimed-confirmed	8 claim(s)
languages/suffixing-extension-slot-ordering	Construct	RealizationalAffixProcessRule	claimed-unmapped	3 claim(s)
languages/suffixing-extension-slot-ordering	Construct	RewriteRule Iterative (epenthesis/deletion/feature/expansion/merge)	claimed-unmapped	2 claim(s)
languages/suffixing-extension-slot-ordering	Construct	RewriteSubruleDef gating: required/excluded POS or MPR at the subrule level	claimed-unmapped	2 claim(s)
languages/suffixing-extension-slot-ordering	Construct	Syntactic feature agreement (RequiredHeadFeatures/OutputHeadFeatures/RequiredFootFeatures/OutputFootFeatures)	claimed-confirmed	6 claim(s)
languages/suffixing-vowel-harmony	Surface	dtd:enum/PhoneticTemplate/initialBoundaryCondition/true	witnessed	Evidenced
languages/suffixing-vowel-harmony	Interface	AffixTemplate.requiredPartsOfSpeech	witnessed	Evidenced
languages/suffixing-vowel-harmony	Interface	AlphaVariable.variableFeature	required-by-dtd	RequiredByDtd
languages/suffixing-vowel-harmony	Interface	CopyFromInput.index	required-by-dtd	RequiredByDtd
languages/suffixing-vowel-harmony	Interface	FeatureValue.feature	required-by-dtd	RequiredByDtd
languages/suffixing-vowel-harmony	Interface	FeatureValue.symbolValues	required-by-loader	RequiredByLoader
languages/suffixing-vowel-harmony	Interface	LexicalEntry.partOfSpeech	witnessed	Evidenced
languages/suffixing-vowel-harmony	Interface	MorphologicalRule.outputPartOfSpeech	present-but-inert	Unobservable
languages/suffixing-vowel-harmony	Interface	MorphologicalRule.requiredPartsOfSpeech	present-but-inert	Unobservable
languages/suffixing-vowel-harmony	Interface	PhonologicalSubrule.requiredPartsOfSpeech	witnessed	Evidenced
languages/suffixing-vowel-harmony	Interface	Segment.segment	required-by-dtd	RequiredByDtd
languages/suffixing-vowel-harmony	Interface	SimpleContext.naturalClass	required-by-dtd	RequiredByDtd
languages/suffixing-vowel-harmony	Interface	Slot.morphologicalRules	required-by-dtd	RequiredByDtd
languages/suffixing-vowel-harmony	Interface	Stratum.characterDefinitionTable	required-by-dtd	RequiredByDtd
languages/suffixing-vowel-harmony	Interface	Stratum.morphologicalRules	witnessed	Evidenced
languages/suffixing-vowel-harmony	Interface	Stratum.phonologicalRules	witnessed	Evidenced
languages/suffixing-vowel-harmony	Interface	VariableFeature.phonologicalFeature	required-by-dtd	RequiredByDtd
languages/suffixing-vowel-harmony	Construct	Affix template slots (obligatory/disjunctive/ordering)	claimed-unmapped	7 claim(s)
languages/suffixing-vowel-harmony	Construct	AffixProcessRule: prefix/suffix/circumfix/infix	claimed-unmapped	3 claim(s)
languages/suffixing-vowel-harmony	Construct	Alpha-variable phonological environments (VariableFeature/AlphaVariables)	claimed-confirmed	6 claim(s)
languages/suffixing-vowel-harmony	Construct	Boundary markers (CharacterDefinitionTable)	claimed-confirmed	2 claim(s)
languages/suffixing-vowel-harmony	Construct	NaturalClass: Segments vs FeatureNaturalClass/SegmentNaturalClass precision	claimed-confirmed	1 claim(s)
languages/suffixing-vowel-harmony	Construct	RewriteRule Iterative (epenthesis/deletion/feature/expansion/merge)	claimed-unmapped	8 claim(s)
languages/suffixing-vowel-harmony	Construct	RewriteRule Simultaneous	claimed-unmapped	9 claim(s)
languages/templatic-root-modification	Surface	dtd:element/InsertSimpleContext	witnessed	Evidenced
languages/templatic-root-modification	Surface	dtd:enum/PhonologicalRule/multipleApplicationOrder/simultaneous	witnessed	Evidenced
languages/templatic-root-modification	Interface	Allomorph.stemName	witnessed	Evidenced
languages/templatic-root-modification	Interface	CopyFromInput.index	required-by-dtd	RequiredByDtd
languages/templatic-root-modification	Interface	FeatureValue.feature	required-by-dtd	RequiredByDtd
languages/templatic-root-modification	Interface	FeatureValue.symbolValues	required-by-loader	RequiredByLoader
languages/templatic-root-modification	Interface	LexicalEntry.partOfSpeech	witnessed	Evidenced
languages/templatic-root-modification	Interface	ModifyFromInput.index	required-by-dtd	RequiredByDtd
languages/templatic-root-modification	Interface	MorphemeCoOccurrenceRule.otherMorphemes	required-by-dtd	RequiredByDtd
languages/templatic-root-modification	Interface	MorphemeCoOccurrenceRule.primaryMorpheme	required-by-dtd	RequiredByDtd
languages/templatic-root-modification	Interface	MorphologicalRule.outputPartOfSpeech	present-but-inert	Unobservable
languages/templatic-root-modification	Interface	MorphologicalRule.requiredPartsOfSpeech	witnessed	Evidenced
languages/templatic-root-modification	Interface	PhonologicalSubrule.requiredPartsOfSpeech	witnessed	Evidenced
languages/templatic-root-modification	Interface	Segment.segment	required-by-dtd	RequiredByDtd
languages/templatic-root-modification	Interface	SimpleContext.naturalClass	required-by-dtd	RequiredByDtd
languages/templatic-root-modification	Interface	StemName.partsOfSpeech	required-by-dtd	RequiredByDtd
languages/templatic-root-modification	Interface	Stratum.characterDefinitionTable	required-by-dtd	RequiredByDtd
languages/templatic-root-modification	Interface	Stratum.morphologicalRules	witnessed	Evidenced
languages/templatic-root-modification	Interface	Stratum.phonologicalRules	witnessed	Evidenced
languages/templatic-root-modification	Construct	MorphemeCoOccurrenceRule/AllomorphCoOccurrenceRule	claimed-confirmed	1 claim(s)
languages/templatic-root-modification	Construct	MorphologicalOutputAction: CopyFromInput/InsertSegments	claimed-confirmed	2 claim(s)
languages/templatic-root-modification	Construct	MorphologicalOutputAction: ModifyFromInput/InsertSimpleContext	claimed-confirmed	2 claim(s)
languages/templatic-root-modification	Construct	RewriteRule Iterative (epenthesis/deletion/feature/expansion/merge)	claimed-unmapped	6 claim(s)
languages/templatic-root-modification	Construct	RewriteRule Simultaneous	claimed-unmapped	4 claim(s)
languages/templatic-root-modification	Construct	Stem names	claimed-unmapped	8 claim(s)
