# GENERATED by hc-conformance --write-interaction-chains. One row per (writer edge, payload
# type, reader edge) at each ChainJunction -- a payload type reached by both a write- and a
# read-direction declared interface, per SemanticInterfaceDirection's engine-checked judgment
# of what each interface does (NOT interface-inventory.tsv's own name-prefix heuristic, which
# a real field grammar disproved -- see SemanticInterfaceDirection's doc comment). payload_type
# also covers interfaces no fixture exercises yet (see UnexercisedInterfaceDeclaredPayloadTypes),
# so an entirely-untested reader still appears in its own denominator instead of silently
# vanishing. exercising_fixtures lists every fixture where the SAME id appears in both the
# writer's and the reader's attribute values; hazardous means at least one of those fixtures
# also has a MutatingConstructs entry (today: an overwrite-type
# MorphologicalPhonologicalRuleFeatureGroup) covering that id.
writer_element	writer_attribute	payload_type	reader_element	reader_attribute	exercised	exercising_fixtures	hazardous
CompoundingRule	outputProdRestrictionsMprFeatures	MorphologicalPhonologicalRuleFeature	CompoundingRule	headProdRestrictionsMprFeatures	no		no
CompoundingRule	outputProdRestrictionsMprFeatures	MorphologicalPhonologicalRuleFeature	CompoundingRule	nonHeadProdRestrictionsMprFeatures	no		no
CompoundingRule	outputProdRestrictionsMprFeatures	MorphologicalPhonologicalRuleFeature	HeadMorphologicalInput	excludedMPRFeatures	no		no
CompoundingRule	outputProdRestrictionsMprFeatures	MorphologicalPhonologicalRuleFeature	HeadMorphologicalInput	requiredMPRFeatures	no		no
CompoundingRule	outputProdRestrictionsMprFeatures	MorphologicalPhonologicalRuleFeature	MorphologicalInput	excludedMPRFeatures	no		no
CompoundingRule	outputProdRestrictionsMprFeatures	MorphologicalPhonologicalRuleFeature	MorphologicalInput	requiredMPRFeatures	no		no
CompoundingRule	outputProdRestrictionsMprFeatures	MorphologicalPhonologicalRuleFeature	PhonologicalSubrule	excludedMPRFeatures	no		no
CompoundingRule	outputProdRestrictionsMprFeatures	MorphologicalPhonologicalRuleFeature	PhonologicalSubrule	requiredMPRFeatures	no		no
LexicalEntry	ruleFeatures	MorphologicalPhonologicalRuleFeature	CompoundingRule	headProdRestrictionsMprFeatures	yes	languages/fusional-realizational-morphology	no
LexicalEntry	ruleFeatures	MorphologicalPhonologicalRuleFeature	CompoundingRule	nonHeadProdRestrictionsMprFeatures	no		no
LexicalEntry	ruleFeatures	MorphologicalPhonologicalRuleFeature	HeadMorphologicalInput	excludedMPRFeatures	yes	languages/fusional-realizational-morphology	no
LexicalEntry	ruleFeatures	MorphologicalPhonologicalRuleFeature	HeadMorphologicalInput	requiredMPRFeatures	yes	languages/fusional-realizational-morphology	no
LexicalEntry	ruleFeatures	MorphologicalPhonologicalRuleFeature	MorphologicalInput	excludedMPRFeatures	yes	edge-cases/mpr-gated-exception	no
LexicalEntry	ruleFeatures	MorphologicalPhonologicalRuleFeature	MorphologicalInput	requiredMPRFeatures	yes	languages/fusional-realizational-morphology,languages/prefixal-discontinuous-slot-dependency,languages/suffixing-extension-slot-ordering	yes
LexicalEntry	ruleFeatures	MorphologicalPhonologicalRuleFeature	PhonologicalSubrule	excludedMPRFeatures	no		no
LexicalEntry	ruleFeatures	MorphologicalPhonologicalRuleFeature	PhonologicalSubrule	requiredMPRFeatures	no		no
MorphologicalOutput	MPRFeatures	MorphologicalPhonologicalRuleFeature	CompoundingRule	headProdRestrictionsMprFeatures	yes	languages/fusional-realizational-morphology	no
MorphologicalOutput	MPRFeatures	MorphologicalPhonologicalRuleFeature	CompoundingRule	nonHeadProdRestrictionsMprFeatures	no		no
MorphologicalOutput	MPRFeatures	MorphologicalPhonologicalRuleFeature	HeadMorphologicalInput	excludedMPRFeatures	no		no
MorphologicalOutput	MPRFeatures	MorphologicalPhonologicalRuleFeature	HeadMorphologicalInput	requiredMPRFeatures	no		no
MorphologicalOutput	MPRFeatures	MorphologicalPhonologicalRuleFeature	MorphologicalInput	excludedMPRFeatures	no		no
MorphologicalOutput	MPRFeatures	MorphologicalPhonologicalRuleFeature	MorphologicalInput	requiredMPRFeatures	yes	edge-cases/morphotactic-attribute-breadth,edge-cases/mpr-group-overwrite-without-realizational,edge-cases/mpr-overwrite-order-dependence,languages/fusional-realizational-morphology,languages/prefixal-discontinuous-slot-dependency,languages/suffixing-extension-slot-ordering	yes
MorphologicalOutput	MPRFeatures	MorphologicalPhonologicalRuleFeature	PhonologicalSubrule	excludedMPRFeatures	no		no
MorphologicalOutput	MPRFeatures	MorphologicalPhonologicalRuleFeature	PhonologicalSubrule	requiredMPRFeatures	no		no
CompoundingRule	outputPartOfSpeech	PartOfSpeech	AffixTemplate	requiredPartsOfSpeech	no		no
CompoundingRule	outputPartOfSpeech	PartOfSpeech	CompoundingRule	headPartsOfSpeech	yes	edge-cases/compounding-breadth,languages/fusional-realizational-morphology	no
CompoundingRule	outputPartOfSpeech	PartOfSpeech	CompoundingRule	nonHeadPartsOfSpeech	yes	edge-cases/compounding-breadth	no
CompoundingRule	outputPartOfSpeech	PartOfSpeech	MorphologicalRule	requiredPartsOfSpeech	no		no
CompoundingRule	outputPartOfSpeech	PartOfSpeech	PhonologicalSubrule	requiredPartsOfSpeech	no		no
LexicalEntry	partOfSpeech	PartOfSpeech	AffixTemplate	requiredPartsOfSpeech	yes	edge-cases/deep-optional-affix-nesting,edge-cases/diacritic-segments,edge-cases/loader-isactive-breadth,edge-cases/morphotactic-attribute-breadth,languages/prefixal-discontinuous-slot-dependency,languages/suffixing-evidential-adjacency-chain,languages/suffixing-extension-slot-ordering,languages/suffixing-vowel-harmony	no
LexicalEntry	partOfSpeech	PartOfSpeech	CompoundingRule	headPartsOfSpeech	yes	edge-cases/compounding-breadth,languages/fusional-realizational-morphology,languages/polysynthetic-stratal-derivation-chain	no
LexicalEntry	partOfSpeech	PartOfSpeech	CompoundingRule	nonHeadPartsOfSpeech	yes	edge-cases/compounding-breadth,languages/fusional-realizational-morphology,languages/polysynthetic-stratal-derivation-chain	no
LexicalEntry	partOfSpeech	PartOfSpeech	MorphologicalRule	requiredPartsOfSpeech	yes	edge-cases/deep-optional-affix-nesting,edge-cases/diacritic-segments,edge-cases/disjunctive-recheck,edge-cases/feature-gating-breadth,edge-cases/feature-system-breadth,edge-cases/free-fluctuating-allomorph-pair,edge-cases/loader-isactive-breadth,edge-cases/morphotactic-attribute-breadth,edge-cases/mpr-gated-exception,edge-cases/mpr-group-overwrite-without-realizational,edge-cases/mpr-overwrite-order-dependence,edge-cases/process-morphology-in-place-mutation,edge-cases/stem-name-restricted-root-allomorph,edge-cases/strrep-identity,edge-cases/truncate-morphotactic,languages/fusional-realizational-morphology,languages/metathesis-phase-isolation,languages/polysynthetic-stratal-derivation-chain,languages/prefixal-discontinuous-slot-dependency,languages/suffixing-evidential-adjacency-chain,languages/suffixing-extension-slot-ordering,languages/suffixing-vowel-harmony,languages/templatic-root-modification	no
LexicalEntry	partOfSpeech	PartOfSpeech	PhonologicalSubrule	requiredPartsOfSpeech	yes	edge-cases/mpr-gated-exception,languages/metathesis-phase-isolation,languages/polysynthetic-stratal-derivation-chain,languages/suffixing-extension-slot-ordering,languages/suffixing-vowel-harmony,languages/templatic-root-modification	no
MorphologicalRule	outputPartOfSpeech	PartOfSpeech	AffixTemplate	requiredPartsOfSpeech	yes	edge-cases/deep-optional-affix-nesting,edge-cases/diacritic-segments,edge-cases/loader-isactive-breadth,edge-cases/morphotactic-attribute-breadth,languages/prefixal-discontinuous-slot-dependency,languages/suffixing-evidential-adjacency-chain,languages/suffixing-extension-slot-ordering,languages/suffixing-vowel-harmony	no
MorphologicalRule	outputPartOfSpeech	PartOfSpeech	CompoundingRule	headPartsOfSpeech	yes	languages/fusional-realizational-morphology,languages/polysynthetic-stratal-derivation-chain	no
MorphologicalRule	outputPartOfSpeech	PartOfSpeech	CompoundingRule	nonHeadPartsOfSpeech	yes	languages/fusional-realizational-morphology,languages/polysynthetic-stratal-derivation-chain	no
MorphologicalRule	outputPartOfSpeech	PartOfSpeech	MorphologicalRule	requiredPartsOfSpeech	yes	edge-cases/deep-optional-affix-nesting,edge-cases/diacritic-segments,edge-cases/disjunctive-recheck,edge-cases/feature-gating-breadth,edge-cases/feature-system-breadth,edge-cases/free-fluctuating-allomorph-pair,edge-cases/loader-isactive-breadth,edge-cases/morphotactic-attribute-breadth,edge-cases/mpr-gated-exception,edge-cases/mpr-group-overwrite-without-realizational,edge-cases/mpr-overwrite-order-dependence,edge-cases/process-morphology-in-place-mutation,edge-cases/stem-name-restricted-root-allomorph,edge-cases/strrep-identity,languages/fusional-realizational-morphology,languages/metathesis-phase-isolation,languages/polysynthetic-stratal-derivation-chain,languages/prefixal-discontinuous-slot-dependency,languages/suffixing-evidential-adjacency-chain,languages/suffixing-extension-slot-ordering,languages/suffixing-vowel-harmony,languages/templatic-root-modification	no
MorphologicalRule	outputPartOfSpeech	PartOfSpeech	PhonologicalSubrule	requiredPartsOfSpeech	yes	edge-cases/mpr-gated-exception,edge-cases/subrule-morphosyntactic-gating,languages/metathesis-phase-isolation,languages/suffixing-vowel-harmony,languages/templatic-root-modification	no
Allomorph	stemName	StemName	MorphologicalRule	requiredStemName	yes	languages/suffixing-extension-slot-ordering	no
