language,rule_id,words
AlphaVariableNameCollision,prDoubleAlpha,ia
ChainedOutputFeatureOverrideLoss,mrInner,zudi;zudiua
ChainedOutputFeatureOverrideLoss,mrOuter,zudu;zudua;zudiua
ChainedOutputFeatureOverrideLoss,mrOutermost,zudua;!zudia;zudiua
CompoundingBreadth,crDecoy,!kaptu
CompoundingBreadth,crJoin,katu;!katumi
CompoundingBreadth,crNever,!kamtu
CompoundingBreadth,mrTplSuf,
CrossTableRootRespelling,mrSuffix,tu
PathologicalDeepOptionalAffixNesting,mrP1,xxxxxxk;xxxxxxxxxxxxk
PathologicalDeepOptionalAffixNesting,mrP10,xxxxxxk;xxxxxxxxxxxxk
PathologicalDeepOptionalAffixNesting,mrP11,xxxxxxk;xxxxxxxxxxxxk
PathologicalDeepOptionalAffixNesting,mrP12,xxxxxxk;xxxxxxxxxxxxk
PathologicalDeepOptionalAffixNesting,mrP2,xxxxxxk;xxxxxxxxxxxxk
PathologicalDeepOptionalAffixNesting,mrP3,xxxxxxk;xxxxxxxxxxxxk
PathologicalDeepOptionalAffixNesting,mrP4,xxxxxxk;xxxxxxxxxxxxk
PathologicalDeepOptionalAffixNesting,mrP5,xxxxxxk;xxxxxxxxxxxxk
PathologicalDeepOptionalAffixNesting,mrP6,xxxxxxk;xxxxxxxxxxxxk
PathologicalDeepOptionalAffixNesting,mrP7,xxxxxxk;xxxxxxxxxxxxk
PathologicalDeepOptionalAffixNesting,mrP8,xxxxxxk;xxxxxxxxxxxxk
PathologicalDeepOptionalAffixNesting,mrP9,xxxxxxk;xxxxxxxxxxxxk
LatinDiacriticProbe,rDim,caféta;kelîta;!añota;!gölta
LatinDiacriticProbe,rPl,años;cafés;göls;kelîs
DisjunctiveRecheckProbe,ruleD,pakza;!pakda;pitda
DisjunctiveRecheckProbe,ruleT,!wakta;wokta
FeatureGatingBreadth,mrAgr,kalka;kalkano
FeatureGatingBreadth,mrEmph,nalnomu;kalmuid
FeatureGatingBreadth,mrLoud,nalno;nalnomu;kalkano
FeatureGatingBreadth,rrPast,kalid;kalmuid
FeatureSystemBreadth,mrSuffixK,ikt
FeatureSystemBreadth,mtDecoy,
FeatureSystemBreadth,mtSwap,it;ikt;!tik
FeatureSystemBreadth,mtSwapOverlap,ikt;!itk;tlk
FeatureSystemBreadth,prAlpha,isk
FeatureSystemBreadth,prDecFeat,
FeatureSystemBreadth,prDecFnc,
FeatureSystemBreadth,prDecNc,
FeatureSystemBreadth,prDecoy,
FeatureSystemBreadth,prHighTrigger,
FeatureSystemBreadth,prRaise,ik;ikt
FinalTemplatePartialDiscriminators,mrFinTagA,dakfa;daknagafa
FinalTemplatePartialDiscriminators,mrFinTagB,pilnbtbfb;pilfb;pilfbvb
FinalTemplatePartialDiscriminators,mrGate1,!dakfaga;daknagafa
FinalTemplatePartialDiscriminators,mrGate2Complete,pilnbtbfb
FinalTemplatePartialDiscriminators,mrGate2Partial,!pilnbvbfb;pilfbvb
FinalTemplatePartialDiscriminators,mrGate3Partial,nibgi
FinalTemplatePartialDiscriminators,mrNonFinTagA,daknagafa
FinalTemplatePartialDiscriminators,mrNonFinTagB,pilnbtbfb
FinalTemplatePartialDiscriminators,mrZTagSlot,
FreeFluctuatingAllomorphPair,ruleS,kits;!kots
N2-DefaultSymbol,pr1,!bdt
IsActiveBreadth,mrBoundaryPfx,mo+kul
IsActiveBreadth,mrDecoy,!pekul
IsActiveBreadth,mrPfx,takul
IsActiveBreadth,mrRuleOnly,!qokul
IsActiveBreadth,mrSlotOnly,!qekul
IsActiveBreadth,mrTemplateOnly,!qukul
MetathesisComparisonCrash,mtSwap,
MorphotacticAttributeBreadth,mrCoA,topsakatana;topsakanabu
MorphotacticAttributeBreadth,mrCoB,topsakatana;topsakanabu
MorphotacticAttributeBreadth,mrCoC,topsakatana
MorphotacticAttributeBreadth,mrCoD,topsakatana;topsakanabu
MorphotacticAttributeBreadth,mrConferExcl,topdo
MorphotacticAttributeBreadth,mrExA,topke
MorphotacticAttributeBreadth,mrExB,topko
MorphotacticAttributeBreadth,mrExC,topla
MorphotacticAttributeBreadth,mrExD,topne
MorphotacticAttributeBreadth,mrExclReader,topri
MorphotacticAttributeBreadth,mrGrpReq,kulgago;!kulgagego
MorphotacticAttributeBreadth,mrGrpSetA,kulge
MorphotacticAttributeBreadth,mrGrpSetB,kulgago
MorphotacticAttributeBreadth,mrMB,topsakanabu
MorphotacticAttributeBreadth,mrNF,!kulpu
MorphotacticAttributeBreadth,mrPO,pogti;pogliti
MorphotacticAttributeBreadth,mrPartial,kulmo
MorphotacticAttributeBreadth,mrPogAffix,pogli;pogliti
MorphotacticAttributeBreadth,mrRep0,!kulba
MorphotacticAttributeBreadth,mrRep2,kulde;kuldede
MorphotacticAttributeBreadth,subCoA,
MorphotacticAttributeBreadth,subExA,
MorphotacticAttributeBreadth,subExC,
MorphotacticAttributeBreadth,subExD,
Ranavu,mrDelExclSrc,mentanukam
Ranavu,mrNPfx,menulik;membalo;mentanukam
Ranavu,mrSuf,sanitan;!vokadan
Ranavu,mrSufAlt,vokadi
Ranavu,prNasalAssimAlveolar,menulik;mentanukam
Ranavu,prNasalAssimBilabial,membalo
Ranavu,prObstruentDeletion,menulik;!menanukam
MprGroupOverwriteWithoutRealizational,mrEndC,udofq;!wudofq
MprGroupOverwriteWithoutRealizational,mrThemeA,udof;wudof;udofq
MprGroupOverwriteWithoutRealizational,mrThemeB,wudof
MprOverwriteOrderDependence,mrGatePQ,femopiquvo;femoqupivo
MprOverwriteOrderDependence,mrGateX,!daboxayuzi;daboyuxazi
MprOverwriteOrderDependence,mrSetP,femopiqu;femoqupi;femopiquvo;femoqupivo
MprOverwriteOrderDependence,mrSetQ,femopiqu;femoqupi;femopiquvo;femoqupivo
MprOverwriteOrderDependence,mrSetX,daboxayu;daboyuxa;daboyuxazi
MprOverwriteOrderDependence,mrSetY,daboxayu;daboyuxa;daboyuxazi
ProcessMorphologyInPlaceMutation,mrAblaut,a
RewriteAnalysisFeatureNeutralization,prPtoD,d
RightToLeftAnchorEnvironment,prRtlAnchor,aae;ae;eeae
RightToLeftAnchorEnvironment,prSpread,eeae
IterativeEpenthesisCascadeProbe,prule4,
StemNameRestrictedRootAllomorph,mrPers1,kapom
StemNameRestrictedRootAllomorph,mrPers2,tamur
StrRepIdentityProbe,ruleObj,ndpat;!ndmat;imat;!ipat
StrRepIdentityProbe,rulePfx,pat;mat;mupat;mumat;!mwpat;mwuta;!muuta;ndpat;imat
SubruleMorphosyntacticGating,mrDerive,bat
SubruleMorphosyntacticGating,prGate,pat;bat
SynthesisStratumRenderStaleTable,prItoJ,j
Mbalantic,mrPfxA,pakolosa;!pakolola
Mbalantic,mrPfxB,takolola;!takolosa
Mbalantic,mrSfxA,pakolosa;!takolosa
Mbalantic,mrSfxB,takolola;!pakolola
TruncateRulesProbe,mruleTruncLead,ag;as;gas
TruncateRulesProbe,mruleTruncOptIns,gbubibi;gas
TruncateRulesProbe,mruleTruncTrail,sa
FusionalRealizationalMorphology,mrAblaut,sang
FusionalRealizationalMorphology,mrCircumfixGeT,gelobt;gelobth
FusionalRealizationalMorphology,mrCompoundConstrained,mitlav;ficlav;!seclav;!mitlavlav
FusionalRealizationalMorphology,mrCompoundHN,pannox;!panbenox
FusionalRealizationalMorphology,mrCompoundNH,lexdom;lexbedom
FusionalRealizationalMorphology,mrEndH,sodh;gofwh
FusionalRealizationalMorphology,mrEndW,katw;!sodw;gofzw;gofwh
FusionalRealizationalMorphology,mrEndZ,gofz;!ygofz;xpedz;!yxpedz;gofzw
FusionalRealizationalMorphology,mrNasalInfix,vinc
FusionalRealizationalMorphology,mrPast2,!ducit;ferit
FusionalRealizationalMorphology,mrPers1,mano;mino
FusionalRealizationalMorphology,mrPers2,mans
FusionalRealizationalMorphology,mrPers3,mint
FusionalRealizationalMorphology,mrPl2,ducunt
FusionalRealizationalMorphology,mrPrefixBe1,benox
FusionalRealizationalMorphology,mrPrefixBe2,lexbedom
FusionalRealizationalMorphology,mrSuffixS3,lobh;gelobth
FusionalRealizationalMorphology,mrTense,feres
FusionalRealizationalMorphology,mrThemeX,xped;yxped;xpedz
FusionalRealizationalMorphology,mrThemeY,yxped
FusionalRealizationalMorphology,rrPast,ferid;!feresid
MetathesisPhaseIsolation,mrCircum,keadilan
MetathesisPhaseIsolation,mrComplexMeta,mu+i
MetathesisPhaseIsolation,mrISuffix,pui
MetathesisPhaseIsolation,mrInfixUm,sumulat
MetathesisPhaseIsolation,mrLnk,bahain
MetathesisPhaseIsolation,mrPerf,katibɯd
MetathesisPhaseIsolation,mrRedupCV,tutula
MetathesisPhaseIsolation,mrRedupFull,tulatula
MetathesisPhaseIsolation,mrSimpleMeta,nui;!niu
MetathesisPhaseIsolation,mrTrunc,pur
MetathesisPhaseIsolation,mrUSuffix,mu+i
MetathesisPhaseIsolation,prNonContig,!idil;katibɯd;!katabɯd
PolysyntheticStratalDerivationChain,mrCompoundHN,akutat;!akupitat;!silaaku
PolysyntheticStratalDerivationChain,mrCompoundNH,silanuk;silamanuk
PolysyntheticStratalDerivationChain,mrDeriv,nunaliq;nunaliqvuq
PolysyntheticStratalDerivationChain,mrInfl,nunaliqvuq;!nunavuq;takuvuq
PolysyntheticStratalDerivationChain,mrPrefixMa2,silamanuk
PolysyntheticStratalDerivationChain,mrPrefixPi1,pitat
PolysyntheticStratalDerivationChain,prDelReins,bubu;!buibu
PolysyntheticStratalDerivationChain,prMDC1,buuubuuu;!buiibuii;!uuu
PolysyntheticStratalDerivationChain,prMDC2,mau;!matu;uui;!utui
PolysyntheticStratalDerivationChain,prMultiSeg,kuuukuuu;!kuiikuii
PrefixalDiscontinuousSlotDependency,mrAdvA,gabishiyidkal;hogabishiyidkal
PrefixalDiscontinuousSlotDependency,mrAdvB,hogabishiyidkal
PrefixalDiscontinuousSlotDependency,mrClass,shiyidkal;niyidtan;bishiyidkal;!kal;shiwodkal;gabishiyidkal;hogabishiyidkal
PrefixalDiscontinuousSlotDependency,mrModeIntrans,shiwodkal
PrefixalDiscontinuousSlotDependency,mrModeTrans,shiyidkal;niyidtan;bishiyidkal;gabishiyidkal;hogabishiyidkal
PrefixalDiscontinuousSlotDependency,mrObj,bishiyidkal;!bishiwodkal;gabishiyidkal;hogabishiyidkal
PrefixalDiscontinuousSlotDependency,mrSubj,shiyidkal;niyidtan;bishiyidkal;!yidkal;shiwodkal;gabishiyidkal;hogabishiyidkal
SuffixingEvidentialAdjacencyChain,aKanta,!kantancha
SuffixingEvidentialAdjacencyChain,mrEvidAssum,walaknitan;walaknichiktan;!walakntan
SuffixingEvidentialAdjacencyChain,mrEvidConjectural,sipuncha;takincha;!walaknkicha
SuffixingEvidentialAdjacencyChain,mrEvidDirect,sipuymi;siputukumi;siputukuchikmi;sipulupami;walaknkichikmi
SuffixingEvidentialAdjacencyChain,mrEvidMir,walakniwas;!walaknichikwas
SuffixingEvidentialAdjacencyChain,mrEvidReportative,walaknkisi;walaknkishi
SuffixingEvidentialAdjacencyChain,mrPerson1,tupay;sipuy;walakni;!walaky;walaknichik;sipuymi;takiy;kantay;walaknitan;walaknichiktan;walakniwas
SuffixingEvidentialAdjacencyChain,mrPerson1PlIncl,siputukumi;siputukuchikmi;!siputuku
SuffixingEvidentialAdjacencyChain,mrPerson2,walaknki;walaknkisi;walaknkishi;walaknkichikmi
SuffixingEvidentialAdjacencyChain,mrPerson2Pl,sipulupami;!sipulupachikmi
SuffixingEvidentialAdjacencyChain,mrPerson3,sipun;sipuncha;takincha
SuffixingEvidentialAdjacencyChain,mrPlural,walaknichik;walaknichiktan;siputukuchikmi;walaknkichikmi
SuffixingExtensionSlotOrdering,mrAgr,dabepez;dabez;!kesez;kesepez
SuffixingExtensionSlotOrdering,mrAppl,andikila;andikishila;andikilisha
SuffixingExtensionSlotOrdering,mrCaus,andikisha;andikishila;andikilisha
SuffixingExtensionSlotOrdering,mrEndH,belh;sekwh
SuffixingExtensionSlotOrdering,mrEndW,kibw;!belw;sekzw;sekwh
SuffixingExtensionSlotOrdering,mrEndZ,xkibz;!yxkibz;sekzw
SuffixingExtensionSlotOrdering,mrExtX,xkib;yxkib;xkibz
SuffixingExtensionSlotOrdering,mrExtY,yxkib
SuffixingExtensionSlotOrdering,mrFV,andika;andikisha;andikila;andikishila;andikilisha
SuffixingExtensionSlotOrdering,mrNumPl,dabep;dabepez;kesepez
SuffixingExtensionSlotOrdering,mrPhXSource,lisez
SuffixingExtensionSlotOrdering,mrPhonoDestroy,npael
SuffixingExtensionSlotOrdering,mrRecurSuf,siliz;!siliziz;dalizeh
SuffixingExtensionSlotOrdering,mrRedup,kimbiakimbia
SuffixingExtensionSlotOrdering,mrStemReq,daleh;!daheh;dalizeh
SuffixingExtensionSlotOrdering,mrTense,limape
SuffixingExtensionSlotOrdering,prNasalMutation,mba;!mpa
SuffixingExtensionSlotOrdering,prPhonoExcl,!mbe
SuffixingExtensionSlotOrdering,prPhonoReq,!nbael;nba;!npa
SuffixingExtensionSlotOrdering,rrPast,limaile;!limapeile
SuffixingExtensionSlotOrdering,rrRRealTest,!zimed;!zamed
SuffixingVowelHarmony,mrAlphaSuf,satun;setin;kalutun
SuffixingVowelHarmony,mrPast,semitide;semitideler;kutagida;unitide
SuffixingVowelHarmony,mrPlural,semitideler
SuffixingVowelHarmony,mrPres,semitile;kutagila
SuffixingVowelHarmony,prAlphaHighHarmony,satun;setin;kalut;!kalit;kalutun;!kalitin
SuffixingVowelHarmony,prBacknessHarmony,kutagida;kutagila;!untda
SuffixingVowelHarmony,prEpenthesis,semitide;semitile;semitideler;kutagida;kutagila;unitide;kalut;kalutun
SuffixingVowelHarmony,prGradation,kutagida;kutagila;kalut;kalutun
SuffixingVowelHarmony,prVowelMerge,!duii;duy
SuffixingVowelHarmony,prVowelMultiMerge,!sueeb;sueb
SuffixingVowelHarmony,ruleCollective,!etemik;!esalik
SuffixingVowelHarmony,ruleInfixDemo,guan
TemplaticRootModification,mrAspImpf,hilaku
TemplaticRootModification,mrAspJuss,hulaka
TemplaticRootModification,mrAspPerf,hilaki;hulaki
TemplaticRootModification,mrFormII,sapr;!samm
TemplaticRootModification,mrPassive,qil
TemplaticRootModification,mrPerf1sg,katabit
TemplaticRootModification,mrPerf3sg,kataba
TemplaticRootModification,prEpenthesis,katabit;!katabt
TemplaticRootModification,prGeminate,radda;!rada
TemplaticRootModification,prIterFeedingControl,gigugu;gigugi;!gigigi
TemplaticRootModification,prProthesis,iktub;!ktub
TemplaticRootModification,prSimulFeeding,gigugu;gigugi;!gigigi
